,State,Rank,CMS Certification Number (CCN)*,Provider Name,Address,Phone,Type of Ownership,Offers Nursing Care Services,Offers Physical Therapy Services,Offers Occupational Therapy Services,Offers Speech Pathology Services,Offers Medical Social Services,Offers Home Health Aide Services,Date Certified,HHCAHPS Survey Summary Star Rating,Star Rating for health team gave care in a professional way,Percent of patients who reported that their home health team gave care in a professional way,Star Rating for health team communicated well with them,Percent of patients who reported that their home health team communicated well with them,"Star Rating team discussed medicines, pain, and home safety","Percent of patients who reported that their home health team discussed medicines, pain, and home safety with them",Star Rating for how patients rated overall care from agency,Percent of patients who gave their home health agency a rating of 9 or 10 on a scale from 0 (lowest) to 10 (highest),"Percent of patients who reported YES, they would definitely recommend the home health agency to friends and family",Number of completed Surveys,Response rate,Score,Offers,Total Score,"Excellent, Good, Poor",Latitude,Longitude
0,CA,1,59239,"VICTORY HOME HEALTH CARE, INC","909 S VICTORY BLVD, BURBANK CA 91502",8188482099,Local,50,50,50,50,50,50,40365,5,5,100,5,100,5,100,5,100,100,125,48,1000,300,1300,Excellent,34.1671384,-118.3087971
1,CA,2,58183,"EXCELLENT CARE HOME HEALTH SERVICES, INC","9037 ARROW ROUTE, SUITE 140, RANCHO CUCAMONGA CA 91730",9095813536,Official Health Agency,50,50,50,50,50,50,37762,5,5,99,5,100,5,100,5,100,100,76,71,999,300,1299,Excellent,34.0988097,-117.6081857
2,CA,3,59734,"PURE LIFE HOME HEALTH CARE, INC","11755 VICTORY BLVD, SUITE 202, N HOLLYWOOD CA 91606",8187622636,Local,50,50,50,50,50,50,42567,5,5,97,5,96,5,99,5,98,99,58,21,989,300,1289,Excellent,34.1869367,-118.3897922
3,CA,4,59318,"PATRIOT HOME HEALTH CARE, INC","440 WEST COLORADO ST, SUITE 215, GLENDALE CA 91204",8185510757,Local,50,50,50,50,50,50,40745,5,5,99,5,98,5,97,5,96,98,52,29,988,300,1288,Excellent,34.1422621,-118.2627994
4,CA,5,59430,"SANTA HOME HEALTH CARE, INC.","8281 MELROSE AVE, SUITE 205, LOS ANGELES CA 90046",3239333656,Official Health Agency,50,50,50,50,50,50,41047,5,5,98,5,97,5,99,5,100,94,149,35,988,300,1288,Excellent,34.0838467,-118.3701586
5,CA,6,59060,"WISDOM HEALTH CARE SERVICES, INC","12509 OXNARD STREET, SUITE 203, N HOLLYWOOD CA 91606",3103243290,Local,50,50,50,50,50,50,39914,5,5,97,5,97,5,100,5,99,94,87,24,987,300,1287,Excellent,34.1797222,-118.4056305
6,CA,7,58236,"XL CARE, INC","17555 VENTURA BLVD SUITE 201, ENCINO CA 91316",8187852944,Local,50,50,50,50,50,50,38012,5,5,99,5,99,5,95,5,99,94,57,30,986,300,1286,Excellent,34.1620774,-118.5160918
7,FL,8,108289,ANGELS CARE HOME HEALTH INC,"2260 SW 8TH ST STE 301, MIAMI FL 33125",3053649898,Local,50,50,50,50,50,50,38834,5,5,100,5,98,5,93,5,98,97,61,31,986,300,1286,Excellent,25.7651288,-80.2319135
8,TX,9,677887,COUNTRY HOME CARE,"1505 W MAIN ST, CLARKSVILLE TX 75426",9034278366,Local,50,50,50,50,50,50,38793,5,5,97,5,97,5,97,5,100,95,109,63,986,300,1286,Excellent,33.6102785,-95.0637778
10,TX,11,747363,PARIS SIGNATURE HOME HEALTH INC,"420 N COLLEGIATE, PARIS TX 75460",9037854900,Local,50,50,50,50,50,50,40289,5,5,98,5,97,5,97,5,99,94,74,44,985,300,1285,Excellent,33.66597,-95.5250925
11,CA,12,59562,"RAFAELLA HOME HEALTH CARE, INC","14328 VICTORY BLVD, STE 209, VAN NUYS CA 91401",8185100925,Local,50,50,50,50,50,50,41570,5,5,97,5,96,5,97,5,100,93,55,21,983,300,1283,Excellent,34.1864661,-118.4454023
12,CA,13,59504,"AID HOME HEALTH CARE, INC","1007 SOUTH CENTRAL AVE, SUITE 208, GLENDALE CA 91204",8182424979,Local,50,50,50,50,50,50,41352,5,5,97,5,97,5,98,5,96,94,49,25,982,300,1282,Excellent,34.1345366,-118.2581898
13,TX,14,679648,"ALGEN HEALTH, LLC","2626 SOUTH LOOP WEST # 550, HOUSTON TX 77054",7132180260,Local,50,50,50,50,50,50,39289,5,5,96,5,98,5,96,5,98,94,67,34,982,300,1282,Excellent,29.6785762,-95.4212017
14,CA,15,59185,"SIGMA HOME HEALTH CARE, INC","805 EAST BROADWAY, SUITE G, GLENDALE CA 91205",8185511141,Local,50,50,50,50,50,50,40274,5,5,95,5,96,5,97,5,97,96,114,25,981,300,1281,Excellent,34.1464716,-118.2453013
15,NE,16,287053,HOSPICE AND HOME HEALTHCARE OF SAUNDERS COUNTY,"P O BOX 367,  141 EAST 5TH STREET, WAHOO NE 68066",4024434798,Local,50,50,50,50,50,50,32234,5,5,97,5,95,5,93,5,97,98,49,53,980,300,1280,Excellent,41.2112564,-96.619317
16,TX,17,677850,TEXOMA HOME HEALTH,"2008 LOY LAKE ROAD, SHERMAN TX 75092",9038689991,Local,50,50,50,50,50,50,38796,5,5,93,5,96,5,97,5,98,96,80,49,980,300,1280,Excellent,33.6584195,-96.606403
17,CT,18,77078,ORANGE VISITING NURSE ASSOCIATION,"605A ORANGE CENTER RD, ORANGE CT 6477",2038912165,Visiting Nurse Association,50,50,50,50,50,50,24289,5,5,97,5,96,5,90,5,98,98,80,54,979,300,1279,Excellent,41.2781071,-73.0252929
18,KY,19,187021,MIDDLESBORO ARH HOME HEALTH AGENCY,"1916 CUMBERLAND AVENUE, MIDDLESBORO KY 40965",6062421404,Official Health Agency,50,50,50,50,50,50,25212,5,5,96,5,98,5,93,5,99,93,50,28,979,300,1279,Excellent,36.6074434,-83.7134179
19,OK,20,377778,OLDHAM HOME CARE LLC,"519 EAST MAIN STREET, STIGLER OK 74462",9189679971,Local,50,50,50,50,50,50,41907,5,5,97,5,91,5,98,5,96,97,52,49,979,300,1279,Excellent,35.2531361,-95.1201703
20,TX,21,677841,PATIENTS BEST CHOICE HOME HEALTHCARE,"3427 W FM 120 SUITE 105, DENISON TX 75020",9034620604,Local,50,50,50,50,50,50,38792,5,5,96,5,97,5,94,5,95,96,126,44,978,300,1278,Excellent,33.7615198,-96.5886412
21,TX,22,679081,SOUTH WEST TEXAS HOME HEALTH INC,"150 LAMESA DR, BRIDGE CITY TX 77611",4097356100,Official Health Agency,50,50,50,50,50,50,37188,5,5,98,5,96,5,90,5,94,100,81,32,978,300,1278,Excellent,30.0350551,-93.8301689
22,CO,23,67443,SUPER HEALTH CARE INC,"6795 E TENNESSEE AVE SUITE 225, DENVER CO 80224",3039911009,Local,50,50,50,50,50,50,38349,5,5,98,5,98,5,93,5,95,93,212,31,977,300,1277,Excellent,39.6990469,-104.9098215
23,CA,24,59641,CAMARILLO HHCA INC,"18107 SHERMAN WAY, SUITE 212, RESEDA CA 91335",8183452200,Local,50,50,50,50,50,50,41961,5,5,94,5,95,5,94,5,99,94,43,25,976,300,1276,Excellent,34.2014778,-118.5277222
24,OK,25,377719,FAMILY CHOICE HOME CARE,"801 W 2ND STREET, ELK CITY OK 73644",5802254140,Local,50,50,50,50,50,50,39581,5,5,95,5,96,5,96,5,97,92,47,48,976,300,1276,Excellent,35.4129387,-99.4132164
25,OK,26,377723,UNITY HOME HEALTH L L C,"1415 WEST MAIN STREET, SUITE 200, DURANT OK 74701",5809310995,Official Health Agency,50,50,50,50,50,50,39682,5,5,96,5,96,5,92,5,96,96,67,45,976,300,1276,Excellent,33.9942975,-96.3918069
26,TX,27,747956,COLEMAN HOME HEALTH AND HOSPICE INC,"406 WEST ELM STREET, COLEMAN TX 76834",3256253222,Local,50,50,50,50,50,50,42075,5,5,95,5,95,5,95,5,97,94,64,47,976,300,1276,Excellent,31.8283671,-99.4262909
27,LA,28,197114,BUNKIE HOMECARE,"1123 SHIRLEY ROAD, BUNKIE LA 71322",3183463312,Local,50,50,50,50,50,50,30732,5,5,95,5,96,5,95,5,94,95,124,34,975,300,1275,Excellent,30.9590909,-92.195972
28,TX,29,453144,PATHFINDER HOME HEALTH,"311 S PALESTINE STREET, ATHENS TX 75751",9036778301,Local,50,50,50,50,50,50,38217,5,5,96,5,95,5,92,5,98,94,73,37,975,300,1275,Excellent,32.2000979,-95.8534153
29,TN,30,447264,"HMC HOME HEALTH, LLC","115 PATTERSON ROAD, SAVANNAH TN 38372",7319250276,Local,50,50,50,50,50,50,30735,5,5,95,5,96,5,96,5,94,93,182,41,974,300,1274,Excellent,35.2290822,-88.232464
30,TX,31,677428,CARE PLUS HOME HEALTH,"101 NORTH PECAN ST, WOODVILLE TX 75979",4092833600,Local,50,50,50,50,50,50,33479,5,5,93,5,95,5,93,5,96,97,65,43,974,300,1274,Excellent,30.7756996,-94.4238823
32,LA,33,197769,ACADIAN HOMECARE / ABBEVILLE,"302 NORTH HOSPITAL DRIVE, ABBEVILLE LA 70510",3378920805,Local,50,50,50,50,50,50,37133,5,5,97,5,95,5,92,5,94,95,107,40,973,300,1273,Excellent,29.9736474,-92.1073807
33,CA,34,59035,CENTRAL HOME HEALTH AGENCY,"210 N. CENTRAL AVENUE, SUITE 210, GLENDALE CA 91203",8182420439,Local,50,50,50,50,50,50,39822,5,5,94,5,96,5,94,5,96,92,52,17,972,300,1272,Excellent,34.1484943,-118.2576188
36,TX,37,747493,CARINGBRIDGE HOME HEALTH CARE LLC,"207 SOUTH TRAVIS STREET, SHERMAN TX 75090",9038701000,Local,50,50,50,50,50,50,40506,5,5,92,5,93,5,99,5,96,92,70,48,972,300,1272,Excellent,33.6352897,-96.6087714
37,LA,38,197470,KINDRED AT HOME,"1305 DEREK DRIVE, SUITES 1 & 2, HAMMOND LA 70403",9854299040,Local,50,50,50,50,50,50,33862,5,5,95,5,93,5,95,5,95,93,110,22,971,300,1271,Excellent,30.487023,-90.4844874
38,MI,39,237791,ALLIED HOME HEALTH CARE & NURSING SERVICES,"4800 CADIEUX ROAD, DETROIT MI 48224",3138857841,Local,50,50,50,50,50,50,39759,5,5,96,5,92,5,93,5,99,91,40,24,971,300,1271,Excellent,42.4053232,-82.9282646
39,FL,40,103179,MGN HEALTHCARE SERVICES,"6175 NW 153RD STREET STE 328, MIAMI LAKES FL 33014",3057704650,Local,50,50,50,50,50,50,41366,5,5,98,5,95,5,90,5,95,92,62,13,970,300,1270,Excellent,25.9131458,-80.3010707
40,LA,41,197295,"MANGHAM HOME CARE, INC.","714 BROADWAY, MANGHAM LA 71259",3182482797,Local,50,50,50,50,50,50,33273,5,5,96,5,94,5,94,5,93,93,52,40,970,300,1270,Excellent,32.3053419,-91.7755191
41,PA,42,397638,PARAGON HOME HEALTH CARE CORPORATION,"36 N SCOTT STREET, CARBONDALE PA 18407",5702821770,Local,50,50,50,50,50,50,34887,5,5,97,5,95,5,92,5,92,94,53,41,970,300,1270,Excellent,41.5751593,-75.5084255
42,TN,43,447201,DEACONESS HOMECARE,"123 PICKWICK STREET, SAVANNAH TN 38372",7319256626,Local,50,50,50,50,50,50,30369,5,5,95,5,94,5,93,5,95,93,290,38,970,300,1270,Excellent,35.2255115,-88.2457889
43,TX,44,677796,TEXAS QUALITY HOME HEALTH,"125 HERITAGE ROW, MARLIN TX 76661",2548033000,Local,50,50,50,50,50,50,34416,5,5,95,5,96,5,90,5,97,92,51,45,970,300,1270,Excellent,31.3091158,-96.8966275
44,TX,45,747939,A DOSE OF CARE HOME HEALTH INC,"301 N KING ST STE 108, ALICE TX 78332",3613964208,Local,50,50,50,50,50,50,42047,5,5,93,5,94,5,95,5,94,93,44,42,969,300,1269,Excellent,27.7534679,-98.0760598
47,IN,48,157654,GOLDEN AGE HOME HEALTH CARE LLC,"1711 SOUTH STATE ROAD 135, SUITE A, GREENWOOD IN 46143",3178932449,Local,50,50,50,50,50,50,41278,5,5,96,5,95,5,90,5,95,92,72,35,968,300,1268,Excellent,39.5920933,-86.1583388
48,LA,49,197187,HOME HEALTH CTR OF THIBODAUX,"804 BAYOU LANE, THIBODAUX LA 70301",9854478442,Hospital Based Program,50,50,50,50,50,50,31219,5,5,95,5,94,5,93,5,95,91,299,32,968,300,1268,Excellent,29.7860037,-90.8110767
49,AR,50,47109,ACMC FAMILY HOME HEALTH,"211 PINE STREET, CROSSETT AR 71635",8703645555,Hospital Based Program,50,50,50,50,50,50,32734,5,5,95,5,95,5,95,5,92,90,121,41,967,300,1267,Excellent,33.1337602,-91.9603129
50,OK,51,377752,"MACARTHUR PARK HOME HEALTH, INC","120 WEST MACARTHUR, SHAWNEE OK 74804",4058784753,Official Health Agency,50,50,50,50,50,50,40766,5,5,93,5,94,5,94,5,96,90,51,41,967,300,1267,Excellent,35.3626918,-96.9257793
51,TX,52,679496,YOUR HEALTH TEAM,"1512 FM 2727, KAUFMAN TX 75142",9729628349,Local,50,50,50,50,50,50,38140,5,5,96,5,90,5,93,5,93,95,98,33,967,300,1267,Excellent,32.5892095,-96.2735145
53,LA,54,197462,EUNICE COMMUNITY HOME HEALTH,"3581 HIGHWAY 190, EUNICE LA 70535",3375500002,Local,50,50,50,50,50,50,33793,5,5,94,5,94,5,92,5,94,92,126,33,966,300,1266,Excellent,30.4959195,-92.3835101
54,NC,55,347100,PRUITTHEALTH AT HOME - AVERY,"3616 MITCHELL AVENUE, SUITES 5 - 6, NEWLAND NC 28657",8287331550,Official Health Agency,50,50,50,50,50,50,29403,5,5,94,5,92,5,93,5,93,94,124,40,966,300,1266,Excellent,36.0873484,-81.9273362
56,TX,57,459266,ASSISTCARE,"100 ZEID BOULEVARD SUITE B, HENDERSON TX 75652",9036574413,Local,50,50,50,50,50,50,35563,5,5,94,5,94,5,94,5,93,91,203,37,966,300,1266,Excellent,32.167379,-94.779141
57,AL,58,17100,MARION REGIONAL HOMECARE,"234 1ST AVENUE SW, SUITE 2, HAMILTON AL 35570",2059210391,Local,50,50,50,50,50,50,33906,5,5,94,5,94,5,92,5,93,92,107,37,965,300,1265,Excellent,34.142067,-87.990251
59,LA,60,197612,"CONCEPTS OF CARE HOME HEALTH, INC","100 GENERAL MOUTON, LAFAYETTE LA 70501",3372899688,Local,50,50,50,50,50,50,34292,5,5,94,5,94,5,92,5,93,92,242,40,965,300,1265,Excellent,30.218258,-92.018065
60,NH,61,307038,NEWFOUND AREA NURSING ASSN,"214 LAKE STREET, BRISTOL NH 3222",6037442733,Visiting Nurse Association,50,50,50,50,50,50,25435,5,5,94,5,92,5,90,5,94,95,71,49,965,300,1265,Excellent,43.5950616,-71.7441029
62,PA,63,398075,HUMAN TOUCH HOME HEALTH - ALLENTOWN,"1541 ALTA DRIVE, SUITE 207, WHITEHALL PA 18052",4846642940,Visiting Nurse Association,50,50,50,50,50,50,39412,5,5,96,5,90,5,93,5,94,92,45,23,965,300,1265,Excellent,40.6270862,-75.4861963
64,LA,65,197727,KEY HOME HEALTH CARE,"16030 LAMONTE DRIVE SUITE A, HAMMOND LA 70403",9855491539,Official Health Agency,50,50,50,50,50,50,34908,5,5,93,5,94,5,91,5,95,91,114,27,964,300,1264,Excellent,30.4721871,-90.4560968
65,LA,66,197729,SMART HEALTH CARE INC,"6135 FAIRFIELD AVENUE, SHREVEPORT LA 71106",3188659747,Local,50,50,50,50,50,50,34912,5,5,95,5,90,5,94,5,94,91,81,41,964,300,1264,Excellent,32.449556,-93.7499364
67,MS,68,257309,KINDRED AT HOME,"200 S. PONTOTOC ROAD, SUITE A, BRUCE MS 38915",6629832273,Local,50,50,50,50,50,50,29277,5,5,95,5,92,5,92,5,94,91,211,32,964,300,1264,Excellent,33.9886515,-89.3499296
68,VA,69,497475,LIBERTY HOME CARE V LLC,"797 WOODLAWN DRIVE - SUITE 103, STUART VA 24171",2767554766,Local,50,50,50,50,50,50,34501,5,5,94,5,94,5,91,5,95,90,95,34,964,300,1264,Excellent,36.6444785,-80.254631
70,CA,71,59677,"EDEN HOME HEALTH, INC.","20944 SHERMAN WAY, SUITE 207, CANOGA PARK CA 91303",8183240728,Local,50,50,50,50,50,50,42212,5,5,95,5,92,5,93,5,93,90,40,16,963,300,1263,Excellent,34.200745,-118.5900354
71,IN,72,157565,AMERICAN NURSING CARE INC,"2504 WATERBRIDGE WAY, EVANSVILLE IN 47710",8124244262,Local,50,50,50,50,50,50,38589,5,5,95,5,91,5,91,5,93,93,73,31,963,300,1263,Excellent,38.0018207,-87.5718411
75,FL,76,109709,A CARE CONNECTION HOME HEALTH,"1525A THE GREENS WAY, JACKSONVILLE BEACH FL 32250",9048995520,Local,50,50,50,50,50,50,40790,5,5,94,5,93,5,92,5,93,90,87,33,962,300,1262,Excellent,30.254489,-81.401375
76,IA,77,167136,GREAT RIVER HOME HEALTH CARE,"1306 SOUTH WASHINGTON ROAD, WEST BURLINGTON IA 52655",3197683350,Hospital Based Program,50,50,50,50,50,50,30699,5,5,94,5,92,5,93,5,93,90,145,34,962,300,1262,Excellent,40.8077857,-91.1788258
77,LA,78,197778,"PRIME CARE HOME HEALTH, A PART OF THE ELARA CARING","42276 VETERANS AVENUE, SUITE B, HAMMOND LA 70403",9853408000,Local,50,50,50,50,50,50,37869,5,5,93,5,91,5,93,5,95,90,120,30,962,300,1262,Excellent,30.4730156,-90.456569
78,MI,79,237617,OMNI HOME HEALTH CARE,"25932 DEQUINDRE ROAD, SUITE A, WARREN MI 48091",5865820188,Local,50,50,50,50,50,50,38974,5,5,93,5,91,5,91,5,96,91,74,35,962,300,1262,Excellent,42.4832861,-83.0826504
79,MO,80,267462,NORTH KANSAS CITY HOSPITAL HOME HEALTH SERVICES,"2800 CLAY EDWARDS DRIVE, NORTH KANSAS CITY MO 64116",8166911358,Hospital Based Program,50,50,50,50,50,50,34591,5,5,93,5,92,5,92,5,94,91,308,35,962,300,1262,Excellent,39.1495404,-94.551452
81,TX,82,679106,ACTIVE HOME CARE SERVICES,"401 NORTH STEMMONS, SANGER TX 76266",9406864663,Local,50,50,50,50,50,50,37294,5,5,94,5,91,5,92,5,94,91,57,44,962,300,1262,Excellent,33.363453,-97.181708
83,LA,84,197063,LOUISIANA HOMECARE OF MISS-LOU,"200 SERIO BLVD, FERRIDAY LA 71334",3183362323,Local,50,50,50,50,50,50,29451,5,5,94,5,93,5,90,5,91,93,103,25,961,300,1261,Excellent,31.6495079,-91.5563353
85,LA,86,197443,AMEDISYS HOME HEALTH,"4015 COMMON STREET, LAKE CHARLES LA 70607",3374779820,Local,50,50,50,50,50,50,33700,5,5,93,5,93,5,91,5,92,92,89,32,961,300,1261,Excellent,30.1850007,-93.2135133
86,LA,87,197776,LOUISIANA HOMECARE/ SPRINGHILL,"1112 DOCTORS DRIVE, SPRINGHILL LA 71075",3185395980,Local,50,50,50,50,50,50,37475,5,5,95,5,93,5,90,5,93,90,164,35,961,300,1261,Excellent,33.0113256,-93.4447491
88,PA,89,397631,UPMC HOME HEALTHCARE,"628 NORTH FRALEY STREET, KANE PA 16735",8148375171,Hospital Based Program,50,50,50,50,50,50,34775,5,5,95,5,90,5,92,5,94,90,85,47,961,300,1261,Excellent,41.6720035,-78.81534
89,TX,90,677101,HEALING HANDS HEALTHCARE LLC,"901 INDIANA AVE STE # 665, WICHITA FALLS TX 76301",9404320588,Local,50,50,50,50,50,50,31957,5,5,94,5,91,5,91,5,94,91,273,38,961,300,1261,Excellent,33.9116171,-98.4896059
90,AR,91,47046,ELITE HOME HEALTH,"54 GRASSE STREET, CALICO ROCK AR 72519",8702973738,Local,50,50,50,50,50,50,30028,5,5,95,5,91,5,92,5,91,91,166,37,960,300,1260,Excellent,36.1258466,-92.1285907
93,MO,94,267269,"CARING NURSES HOME HEALTH AGENCY, INC","5911 N W BARRY ROAD, SUITE 200, KANSAS CITY MO 64154",8165877722,Local,50,50,50,50,50,50,32129,5,5,93,5,92,5,91,5,94,90,221,48,960,300,1260,Excellent,39.245654,-94.6484656
97,TX,98,677920,EXCEL COMPLETE HOME HEALTHCARE INC,"3804 JOHN STOCKBAUER DRIVE SUITE E, VICTORIA TX 77904",3615754500,Official Health Agency,50,50,50,50,50,50,38840,5,5,94,5,94,5,91,5,91,90,103,33,960,300,1260,Excellent,28.8500933,-96.9781709
108,VA,109,497713,ACCESS HOME HEALTH CARE AND REHABILITATION,"1123 E STUART DRIVE, GALAX VA 24333",2762663149,Local,50,50,50,50,50,50,42096,5,5,93,5,93,5,90,5,92,91,222,59,959,300,1259,Excellent,36.6891477,-80.8820989
112,MI,113,237279,SCHOOLCRAFT MEMORIAL HOMECARE AND HOSPICE,"115 LAKE ST, MANISTIQUE MI 49854",9063413284,Hospital Based Program,50,50,50,50,50,50,34863,5,5,90,5,91,5,91,5,92,94,97,46,958,300,1258,Excellent,45.9583881,-86.2415259
123,KY,124,187099,LIFELINE HEALTH CARE OF PULASKI,"600 1/2 CLIFTY STREET, SUITES 2 AND 3, SOMERSET KY 42503",6066799245,Local,50,50,50,50,50,50,30956,5,5,94,5,91,5,90,5,92,90,1469,34,957,300,1257,Excellent,37.0980665,-84.6166373
125,MO,126,267560,HOME HEALTH OF HARRISON COUNTY HOSPITAL,"P O BOX 428, BETHANY MO 64424",6604257863,Hospital Based Program,50,50,50,50,50,50,36326,5,5,94,5,90,5,90,5,93,90,70,61,957,300,1257,Excellent,40.2683344,-94.0282861
131,TX,132,677686,JEFFERSON COUNTY HOME HEALTH CARE INC,"2670 LAUREL STREET, BEAUMONT TX 77702",4098359909,Local,50,50,50,50,50,50,34205,5,5,93,5,90,5,91,5,92,91,74,40,957,300,1257,Excellent,30.0831583,-94.1283685
135,MS,136,257002,NORTH MISSISSIPPI MEDICAL CTR HHA,"812 GARFIELD, TUPELO MS 38801",6623772499,Hospital Based Program,50,50,50,50,50,50,24289,5,5,93,5,91,5,90,5,92,90,562,25,956,300,1256,Excellent,34.2416872,-88.7195925
138,TX,139,747307,LA ESPERANZA HOME HEALTH INC,"5703 SPRINGFIELD AVE, LAREDO TX 78041",9567234702,Local,50,50,50,50,50,50,40133,5,5,92,5,91,5,90,5,91,92,43,25,956,300,1256,Excellent,27.5464374,-99.4908487
211,CA,212,59652,"MERCURY HOME HEALTH SERVICES, INC","2829 N GLENOAKS BLVD  SUITE 104, BURBANK CA 91504",7472418593,Local,50,50,50,50,50,50,42047,5,5,95,5,96,5,92,4,93,90,46,7,946,300,1246,Excellent,34.2032648,-118.3352518
214,TX,215,743112,MYNURSE HOME CARE INC,"11601 SHADOW CREEK PKWY SUITE # 107, PEARLAND TX 77584",7134360999,Local,50,50,50,50,50,50,39542,5,4,93,5,94,5,93,5,93,93,67,41,946,300,1246,Excellent,29.5802512,-95.3958775
219,TX,220,747834,TRADITIONS HEALTH CARE,"1608 EAST MAIN STREET SUITE 115, MADISONVILLE TX 77864",9363482707,Local,50,50,50,50,50,50,41425,5,5,94,5,91,5,94,4,91,93,124,29,943,300,1243,Excellent,30.9560621,-95.89529
221,LA,222,197606,FRANKLIN HOMECARE,"1810 MAIN STREET, FRANKLIN LA 70538",3378282929,Local,50,50,50,50,50,50,34239,5,5,95,5,91,5,93,4,91,92,89,27,942,300,1242,Excellent,29.8067537,-91.506518
228,IL,229,148059,SENIOR HOME HEALTH AGENCY,"1400 RENAISSANCE DRIVE SUITE 212, PARK RIDGE IL 60068",8473768939,Local,50,50,50,50,50,50,39948,5,5,97,5,90,5,90,4,91,92,65,34,940,300,1240,Excellent,42.0330884,-87.8637988
229,LA,230,197060,"ACADIAN HOMECARE, LLC","458 HEYMANN BLVD BLDG A, LAFAYETTE LA 70503",3372358185,Local,50,50,50,50,50,50,28998,5,5,93,5,93,5,91,4,91,92,475,31,940,300,1240,Excellent,30.2028774,-92.0171034
230,LA,231,197714,BAYOU HOME CARE,"1020 DAVID DRIVE SUITE 110, MORGAN CITY LA 70380",9853292273,Local,50,50,50,50,50,50,34823,5,4,91,5,91,5,92,5,94,92,99,27,940,300,1240,Excellent,29.7059179,-91.1967211
231,CA,232,59467,"STEWARD HOME HEALTH AGENCY, INC.","16446 WOODRUFF AVE, SUITE B, BELLFLOWER CA 90706",5628696723,Local,50,50,50,50,50,0,41201,5,5,99,5,100,5,97,5,100,93,63,26,989,250,1239,Excellent,33.8838892,-118.1170201
232,IA,233,167186,MERCYONE WATERLOO HOME HEALTH CARE,"2101 KIMBALL AVENUE, SUITE 140, WATERLOO IA 50702",3192725050,Hospital Based Program,50,50,50,50,50,50,31761,5,5,94,5,90,5,93,4,92,90,154,41,939,300,1239,Excellent,42.4703867,-92.3553478
256,AL,257,17134,LHC HOMECARE OF SOUTH ALABAMA,"1802 US HIGHWAY 84 WEST, SUITE A, OPP AL 36467",3344932087,Local,50,50,50,50,50,50,34499,5,5,93,5,93,5,90,4,90,90,384,35,936,300,1236,Excellent,31.3943261,-86.161432
264,OK,265,377520,HEALTHBACK OF PURCELL,"519 WEST DELAWARE STREET, PURCELL OK 73080",4055270027,Local,50,50,50,50,50,50,35122,5,5,93,5,91,5,90,4,92,90,383,37,936,300,1236,Excellent,35.0085335,-97.3677358
265,OK,266,377770,"KAL HOME HEALTH, INC","302 NORTH POCOLA BLVD, POCOLA OK 74902",9184366179,Local,50,50,50,50,0,50,41533,5,5,99,5,96,5,94,5,100,97,46,36,986,250,1236,Excellent,35.2626098,-94.4776021
283,FL,284,107793,"PROFESSIONAL HOME SERVICES, INC.","6001 NW 153RD ST, STE 152, MIAMI LAKES FL 33014",3058271211,Local,50,50,50,50,50,50,37883,5,5,92,5,91,5,91,4,90,90,48,19,934,300,1234,Excellent,25.9127174,-80.29946
290,LA,291,197278,"R&R HOME CARE, INC.","1148 N CAUSEWAY BLVD, MANDEVILLE LA 70471",9856243800,Local,50,50,50,50,50,50,33064,5,5,92,5,91,5,90,4,90,91,123,30,934,300,1234,Excellent,30.383334,-90.091589
402,MO,403,267025,CLARK COUNTY HOME HEALTH AGENCY,"PO BOX 12, KAHOKA MO 63445",6607272356,Official Health Agency,50,50,50,50,0,50,24889,5,5,97,5,94,5,95,5,96,96,48,52,978,250,1228,Excellent,40.4203184,-91.7196088
435,FL,436,109554,AMERICAN HOME HEALTH PROVIDERS CORP,"3408 W 84TH ST STE 203, HIALEAH FL 33018",3058203001,Local,50,50,50,0,50,50,40331,5,5,98,5,98,5,90,5,95,95,45,22,976,250,1226,Excellent,25.8970324,-80.3527709
458,IL,459,148044,"FOUR SEASONS HOME HEALTHCARE, INC","6042 W OAKTON STREET, MORTON GROVE IL 60053",8479661616,Local,50,50,50,50,50,50,39881,5,4,91,5,94,5,93,4,95,92,45,24,925,300,1225,Excellent,42.0264697,-87.7939388
500,TX,501,673148,KELTON HOME HEALTH CARE,"301 WEST MAIN STREET, ATLANTA TX 75551",9037964040,Local,50,50,50,50,0,50,38420,5,5,95,5,94,5,91,5,97,96,86,46,973,250,1223,Excellent,33.1149249,-94.1705341
521,AR,522,47088,INTREPID USA HEALTHCARE SERVICES,"109 9TH STREET, BUILDING 1, MCCRORY AR 72101",8707315441,Local,50,50,50,50,0,50,30798,5,5,95,5,94,5,90,5,97,95,56,36,971,250,1221,Excellent,35.256198,-91.200125
539,AR,540,47148,FIVE RIVERS MEDICAL CENTER HOME HEALTH,"432 COUNTRY CLUB ROAD, POCAHONTAS AR 72455",8708926070,Hospital Based Program,50,50,50,50,0,50,34199,5,5,95,5,93,5,93,5,96,93,196,37,970,250,1220,Excellent,36.292193,-91.000184
541,IA,542,167046,HARRISON COUNTY PUBLIC HEALTH,"116 N 2ND AVENUE  COURTHOUSE AVENUE, LOGAN IA 51546",7126442220,Official Health Agency,50,50,50,50,0,50,25951,5,5,94,5,90,5,96,5,95,95,49,56,970,250,1220,Excellent,41.6437452,-95.7889972
547,MO,548,267206,CARROLL CO MEM HOSPITAL HOME HEALTH CARE AGENCY,"1502 N JEFFERSON STREET, CARROLLTON MO 64633",6605423301,Hospital Based Program,50,50,50,50,0,50,30888,5,5,95,5,93,5,92,5,97,93,72,59,970,250,1220,Excellent,39.376687,-93.493184
553,TX,554,458006,SEYMOUR HOSPITAL HOME HEALTH,"600 N MAIN ST, SEYMOUR TX 76380",9408893755,Hospital Based Program,50,50,50,50,0,50,34432,5,5,95,5,92,5,94,5,96,93,95,56,970,250,1220,Excellent,33.5933096,-99.2600015
556,AR,557,47024,SPRING RIVER HOME HEALTH AGENCY,"121 SOUTH PICKREN, SALEM AR 72576",8708952627,Local,50,50,50,50,0,50,29692,5,5,96,5,93,5,91,5,95,94,171,43,969,250,1219,Excellent,36.3712259,-91.8237866
567,LA,568,197135,WEST CARROLL MEM. HOSPITAL HOME,"110 NORTH FRONT STREET, OAK GROVE LA 71263",3184289604,Hospital Based Program,50,50,50,50,0,50,30854,5,5,96,5,92,5,91,5,96,93,96,28,968,250,1218,Excellent,32.8639229,-91.3884953
568,MO,569,267185,HOME HEALTH OF THE OZARKS,"507 WEST HWY 17, HOUSTON MO 65483",4179671240,Hospital Based Program,50,50,0,50,50,50,30749,5,5,96,5,91,5,90,5,97,94,43,34,968,250,1218,Excellent,37.3196416,-91.9663603
571,CO,572,67295,PROWERS MEDICAL CENTER HOME HEALTH,"401 KENDALL DRIVE, LAMAR CO 81052",7193366881,Hospital Based Program,50,50,50,50,0,50,35508,5,5,96,5,95,5,90,5,94,92,67,29,967,250,1217,Excellent,38.0697813,-102.6104986
572,FL,573,109230,PRINCESS HOME HEALTH AGENCY INC,"175 FONTAINEBLEAU BLVD STE 2G3, MIAMI FL 33172",3056933108,Local,50,50,50,0,50,50,39886,5,5,97,5,93,5,94,5,93,90,42,18,967,250,1217,Excellent,25.7710411,-80.3385876
573,GA,574,117123,"THREE RIVERS HOME HEALTH SERVICES, INC","115 NORTHWEST MAIN STREET, VIDALIA GA 30474",9125379192,Local,50,50,50,50,50,0,36139,5,5,94,5,93,5,91,5,93,96,52,34,967,250,1217,Excellent,32.2195714,-82.4127454
574,TX,575,679222,HOMECARE SOLUTIONS OF EAST TEXAS INC,"718 WEST BLUFF, WOODVILLE TX 75979",4093319492,Local,50,50,50,0,50,50,37652,5,5,93,5,93,5,96,5,92,93,74,50,967,250,1217,Excellent,30.7756278,-94.4234414
575,AR,576,47048,CROSSRIDGE COMM HOSPITAL HOME HEALTH,"732 EAST ELDRIDGE AVENUE, WYNNE AR 72396",8702081140,Hospital Based Program,50,50,50,50,0,50,30075,5,5,94,5,92,5,96,5,92,92,67,25,966,250,1216,Excellent,35.2425791,-90.7827427
581,OK,582,377676,"CARTER HEALTHCARE OF SOUTH OKLAHOMA, LLC","217 N COMMERCE, SUITE G, ARDMORE OK 73401",5802263166,Local,50,50,50,50,0,50,38225,5,5,96,5,92,5,94,5,94,90,112,37,966,250,1216,Excellent,34.1796717,-97.1445861
590,MN,591,247202,MADELIA COMMUNITY HOSPITAL HOME CARE,"121 DREW AVENUE SOUTHEAST, MADELIA MN 56062",5076423255,Hospital Based Program,50,50,50,50,0,50,31236,5,5,93,5,92,5,91,5,93,95,47,42,964,250,1214,Excellent,44.0488267,-94.4098392
595,MA,596,227568,BETTER LIFE AT HOME LLC,"173 PINE STREET, LOWELL MA 1852",9786818000,Local,50,50,50,50,0,50,41375,5,5,95,5,92,5,93,5,91,92,54,17,963,250,1213,Excellent,42.6326352,-71.3330068
597,TX,598,677532,PILOT POINT HOME HEALTH INC,"401 EAST MAIN STREET, WHITESBORO TX 76273",9035647709,Local,50,50,50,50,0,50,33879,5,5,94,5,95,5,90,5,93,91,52,50,963,250,1213,Excellent,33.6557975,-96.9023417
599,KY,600,187159,SUNCREST HOME HEALTH,"72 LONE OAK DRIVE, CADIZ KY 42211",2705220488,Local,50,50,50,50,0,50,35948,5,5,94,5,92,5,92,5,93,91,149,41,962,250,1212,Excellent,36.86656,-87.8135403
603,TX,604,747424,HEAVENLY NURSES HOME HEALTH LLC,"5411 MCPHERSON SUITE 105, LAREDO TX 78041",9567269700,Official Health Agency,50,50,50,50,50,0,40389,5,5,94,5,90,5,90,5,97,91,66,44,962,250,1212,Excellent,27.5471522,-99.4814485
606,MD,607,217142,CHESTER RIVER HOME CARE AND HOSPICE LLC,"103 BROWN STREET, CHESTERTOWN MD 21620",4107781049,Local,50,50,50,0,50,50,35462,5,5,93,5,91,5,90,5,95,92,240,34,961,250,1211,Excellent,39.216298,-76.065228
607,MO,608,267522,"COMFORT CARE HOME HEALTH AGENCY, INC","1415 WALNUT STREET, DONIPHAN MO 63935",5739963524,Local,50,50,50,50,0,50,35345,5,5,96,5,94,5,91,5,90,90,90,41,961,250,1211,Excellent,36.6296174,-90.8249024
617,DE,618,87044,"SUMMIT ORTHOPAEDIC HOME CARE, LLC","32 WEST LOOCKERMAN STREET, SUITE 108, DOVER DE 19904",3029669604,Local,50,50,50,50,50,0,42331,5,5,94,5,93,5,92,5,91,90,317,51,960,250,1210,Excellent,39.1573762,-75.5253498
628,TX,629,679029,1ST TEXAS HOME HEALTH,"324 MEYER, SEALY TX 77474",9798770900,Local,50,50,50,50,50,0,36971,5,5,95,5,90,5,90,5,93,92,243,35,960,250,1210,Excellent,29.780238,-96.1567997
629,TX,630,679156,SHER DEN HOME HEALTH,"810 NORTH TRAVIS STREET, SHERMAN TX 75090",9038921000,Local,50,50,50,50,0,50,37498,5,5,94,5,91,5,92,5,93,90,85,35,960,250,1210,Excellent,33.64334,-96.611763
644,OK,645,377678,"IDEAL HOME CARE, LP","2417 CHICKASAW BLVD, ARDMORE OK 73401",5802262323,Local,50,50,50,50,0,50,38261,5,5,93,5,92,5,92,5,92,90,439,40,959,250,1209,Excellent,34.2006244,-97.1410617
708,PA,709,397747,EXPERT HOME CARE,"1200 BUSTLETON PIKE SUITE 14, FEASTERVILLE PA 19053",2153640340,Visiting Nurse Association,50,50,50,50,0,50,36789,5,5,100,5,100,5,95,4,90,91,47,42,956,250,1206,Excellent,40.1542811,-75.0024745
712,TX,713,677142,ELECTRA MEMORIAL HOSPITAL HOME HEALTH SERVICES,"113 WEST CLEVELAND STREET, ELECTRA TX 76360",9404952900,Hospital Based Program,50,50,50,50,0,50,32223,5,5,93,5,90,5,91,5,92,90,98,33,956,250,1206,Excellent,34.0303045,-98.9190368
857,PA,858,398129,DYNAMIC HOME HEALTH CARE INC,"550 STATE ROAD, SUITE 113, BENSALEM PA 19020",2152444466,Visiting Nurse Association,50,50,50,50,0,50,40277,5,5,97,5,95,5,94,4,92,92,50,30,950,250,1200,Excellent,40.0601874,-74.9755162
869,KY,870,187172,LIFELINE ROCKCASTLE HOME HEALTH,"145 LEWIS STREET, MOUNT VERNON KY 40456",6062561808,Local,50,50,50,50,50,0,36712,5,5,96,5,92,5,93,4,93,95,84,32,949,250,1199,Excellent,37.3567878,-84.3371523
1008,NE,1009,287101,YORK GENERAL HOSP HOME HEALTH,"2319 N LINCOLN AVENUE, YORK NE 68467",4023621444,Hospital Based Program,50,50,50,50,0,50,35041,5,5,93,5,92,5,93,4,92,92,55,49,942,250,1192,Excellent,40.884014,-97.594988
1019,TX,1020,679027,1ST TEXAS HOME HEALTH,"710 LAMAR SUITE 340, WICHITA FALLS TX 76301",9407639500,Official Health Agency,50,50,50,50,0,50,36964,5,5,93,5,93,5,91,4,93,91,106,38,941,250,1191,Excellent,33.9115571,-98.493915
1025,OK,1026,377647,"TRADITIONS HOME CARE, INC","100 S 3RD STREET, MCALESTER OK 74501",9184260983,Local,50,50,50,50,0,50,37435,5,5,92,5,92,5,93,4,91,92,296,46,940,250,1190,Excellent,34.9301862,-95.766485
1026,OK,1027,377650,"NURSES TO GO, INC","4020 N LINCOLN BOULEVARD, SUITE 150, OKLAHOMA CITY OK 73105",4052261969,Official Health Agency,50,50,50,50,0,50,37566,5,5,91,5,90,5,94,4,93,92,113,57,940,250,1190,Excellent,35.5120076,-97.5025815
1036,NV,1037,297205,"GENESIS HOME HEALTH SERVICES, INC","705 AVENUE K STE C, ELY NV 89301",7752892226,Local,50,50,0,50,0,50,41470,5,5,99,5,96,5,95,5,99,98,41,51,987,200,1187,Excellent,39.2499379,-114.8720457
1038,WV,1039,517805,JACKSON HOME HEALTH,"105 NORTH COURT STREET, SUITE 2, RIPLEY WV 25271",3043725913,Local,50,50,50,50,0,50,32981,5,5,91,5,92,5,91,4,92,91,168,38,937,250,1187,Excellent,38.8191067,-81.7116123
1039,AL,1040,17097,"CLAY COUNTY HOSPITAL HOME CARE, LLC","83825 HIGHWAY 9, ASHLAND AL 36251",2563540077,Local,50,50,50,0,50,50,33904,5,5,93,5,91,5,90,4,92,90,226,39,936,250,1186,Excellent,33.2773548,-85.8242805
1043,CA,1044,59744,CARE FOR ALL HOME HEALTH CARE INC,"7918 1/2 FOOTHILL BLVD, SUNLAND CA 91040",8006873709,Local,50,50,50,50,0,0,42621,5,5,95,5,96,5,98,5,100,96,89,28,985,200,1185,Excellent,34.2350465,-118.2578425
1091,ME,1092,207062,"MADIGAN HOME HEALTH CARE, INC.","93 MILITARY STREET, HOULTON ME 4730",2075327480,Visiting Nurse Association,50,50,50,0,0,50,35145,5,5,95,5,96,5,93,5,99,93,73,49,976,200,1176,Excellent,46.1241191,-67.8302979
1105,TX,1106,677027,ROLLING PLAINS HOME HEALTH,"200 EAST ARIZONA, SWEETWATER TX 79556",3252352030,Hospital Based Program,50,50,50,0,0,50,31420,5,5,96,5,92,5,96,5,97,92,43,36,973,200,1173,Excellent,32.453745,-100.3982409
1107,MI,1108,237469,HORIZON HOME CARE,"1001 GIESAU DRIVE, ONTONAGON MI 49953",9068846092,Local,50,50,50,0,0,50,37390,5,5,94,5,97,5,93,5,94,94,60,49,972,200,1172,Excellent,46.860182,-89.2996196
1108,NC,1109,347063,VIDANT HOME HEALTH AND HOSPICE,"750 SOUTH KENANSVILLE BYPASS, KENANSVILLE NC 28349",9102960887,Local,50,50,0,0,50,50,27138,5,5,97,5,91,5,91,5,98,95,102,24,972,200,1172,Excellent,34.9367533,-77.9762149
1125,FL,1126,108001,ANCHOR HOMECARE,"103 HWY 71 NORTH, WEWAHITCHKA FL 32465",8502273331,Local,50,50,0,50,50,50,37932,5,4,91,5,90,5,91,4,93,93,59,35,918,250,1168,Excellent,30.1133187,-85.2006937
1128,LA,1129,197447,"MAGNOLIA HOME HEALTH CARE, INC","1285 PINE ST., SUITE 100, ARCADIA LA 71001",3182632100,Local,50,50,50,50,0,50,33735,5,4,91,5,90,5,93,4,92,92,100,47,918,250,1168,Excellent,32.5489002,-92.9160093
1146,AL,1147,17112,JACKSON MEDICAL CENTER HOME HEALTH,"3748N COLLEGE AVENUE, JACKSON AL 36545",2512470424,Hospital Based Program,50,50,0,50,0,50,34149,5,5,95,5,90,5,90,5,97,93,122,37,965,200,1165,Excellent,31.5311075,-87.8990364
1149,IA,1150,167106,LAKES REGIONAL HEALTHCARE HOME CARE,"1900 41ST ST, SPIRIT LAKE IA 51360",7123368709,Hospital Based Program,50,50,50,50,0,50,28991,5,5,93,5,90,5,90,3,91,91,75,42,915,250,1165,Excellent,43.4008695,-95.119581
1152,KS,1153,177079,MARION COUNTY HOME CARE SERVICES,"535 SOUTH FREEBORN, MARION KS 66861",6203823690,Hospital Based Program,50,50,50,0,0,50,29160,5,5,95,5,93,5,90,5,94,93,86,61,965,200,1165,Excellent,38.3426807,-97.01045
1153,LA,1154,197748,ALLEN PARISH HOME HEALTH,"532 N 8TH STREET, KINDER LA 70648",3377385627,Hospital Based Program,50,50,0,50,0,50,34999,5,5,95,5,95,5,90,5,92,93,45,35,965,200,1165,Excellent,30.4824923,-92.850147
1163,MO,1164,267127,LEWIS COUNTY HOME HEALTH AGENCY,"P O BOX 96, MONTICELLO MO 63457",5737675312,Official Health Agency,50,50,50,0,0,50,30348,5,5,92,5,93,5,92,5,96,91,67,56,964,200,1164,Excellent,40.122226,-91.7097584
1165,MS,1166,257143,TENDER LOVING CARE,"11010 HIGHWAY 49, SUTE 4, GULFPORT MS 39503",2288319821,Local,50,50,50,50,50,0,37537,5,4,91,5,90,5,90,4,91,92,175,29,914,250,1164,Excellent,30.4431818,-89.0963504
1292,TX,1293,747668,REGENCY HOME HEALTH OF SCHULENBURG,"309 KESSLER, SCHULENBURG TX 78956",9797434663,Local,50,50,50,50,0,0,40969,5,5,93,5,92,5,91,5,92,91,64,40,959,200,1159,Excellent,29.6835508,-96.9034681
1575,OK,1576,377773,ALLY HOME HEALTH LLC,"212 WEST MAIN STREET, BINGER OK 73009",4056562203,Local,50,50,50,0,0,50,41662,5,5,94,5,96,5,95,4,92,90,56,34,947,200,1147,Excellent,35.3085813,-98.3436425
1732,AL,1733,17013,KINDRED AT HOME,"1239 RUCKER BLVD, ENTERPRISE AL 36330",3343470234,Official Health Agency,50,50,50,0,0,50,27599,5,5,91,5,91,5,90,4,90,92,266,35,934,200,1134,Excellent,31.3287251,-85.8183712
1995,AL,1996,17146,NORTHWEST HOME HEALTH,"711 HOSPITAL DRIVE, NE, RUSSELLVILLE AL 35653",2563310006,Hospital Based Program,50,50,0,0,0,50,36069,5,5,97,5,96,5,93,5,92,97,60,32,975,150,1125,Excellent,34.5078726,-87.7286431
2024,TX,2025,679762,ON CALL HOME HEALTH AND REHAB SERVICES,"135 N COLLEGIATE DRIVE, PARIS TX 75460",9037846300,Official Health Agency,50,50,0,0,0,50,39552,5,5,94,5,94,5,92,5,97,96,108,52,973,150,1123,Excellent,33.6620067,-95.5256157
2063,TX,2064,679536,MERRYMAN HOME HEALTH INC,"100 DECHERD STE A&B, FRANKLIN TX 77856",9798281173,Local,50,50,0,0,0,50,38939,5,5,94,5,94,5,95,5,94,92,92,43,969,150,1119,Excellent,31.0257153,-96.4875237
2723,AL,2724,17090,KINDRED AT HOME,"114 ACADEMY AVENUE, BUTLER AL 36904",2518432808,Local,50,50,0,0,0,50,33765,5,5,92,5,94,5,91,4,92,90,168,30,939,150,1089,Excellent,32.0901714,-88.2198646
