State,CMS Certification Number (CCN)*,Provider Name,Address,City,Zip,Phone,Type of Ownership,Offers Nursing Care Services,Offers Physical Therapy Services,Offers Occupational Therapy Services,Offers Speech Pathology Services,Offers Medical Social Services,Offers Home Health Aide Services,HHCAHPS Survey Summary Star Rating,Star Rating for health team gave care in a professional way,Percent of patients who reported that their home health team gave care in a professional way,Star Rating for health team communicated well with them,Percent of patients who reported that their home health team communicated well with them,"Star Rating team discussed medicines, pain, and home safety","Percent of patients who reported that their home health team discussed medicines, pain, and home safety with them",Star Rating for how patients rated overall care from agency,Percent of patients who gave their home health agency a rating of 9 or 10 on a scale from 0 (lowest) to 10 (highest),"Percent of patients who reported YES, they would definitely recommend the home health agency to friends and family",Number of completed Surveys,Response rate,Total Score,Offers Score
AL,17146,NORTHWEST HOME HEALTH,"711 HOSPITAL DRIVE, NE",RUSSELLVILLE,35653,2563310006,Hospital Based Program,50,50,0,0,0,50,5,5,97,5,96,5,93,5,92,97,60,32,975,150
AL,17100,MARION REGIONAL HOMECARE,"234 1ST AVENUE SW, SUITE 2",HAMILTON,35570,2059210391,Local,50,50,50,50,50,50,5,5,94,5,94,5,92,5,93,92,107,37,965,300
AL,17112,JACKSON MEDICAL CENTER HOME HEALTH,3748N COLLEGE AVENUE,JACKSON,36545,2512470424,Hospital Based Program,50,50,0,50,0,50,5,5,95,5,90,5,90,5,97,93,122,37,965,200
AL,17177,"SHOALS HOME SERVICES, LLC",1114 BRADSHAW DRIVE,FLORENCE,35630,2562469972,Local,50,50,50,50,50,50,5,5,94,5,92,5,93,5,96,87,123,34,962,300
AL,17048,KINDRED AT HOME,1204 W MAGNOLIA AVENUE,GENEVA,36340,3346843919,Local,50,50,50,50,0,50,5,5,95,5,94,5,89,5,93,89,180,35,960,250
AL,17136,RELIABLE HOME HEALTH,435 MEETING AVENUE,GEORGIANA,36033,3343762286,Hospital Based Program,50,50,0,0,0,50,5,5,95,5,91,5,93,5,90,89,70,48,958,150
AL,17088,FAYETTE MEDICAL CENTER HOMECARE,1653 TEMPLE AVENUE,FAYETTE,35555,2059325961,Local,50,50,50,50,50,50,5,5,93,5,92,5,89,5,93,90,180,43,957,300
AL,17000,ALABAMA DEPARTMENT OF PUBLIC HEALTH HOME CARE,"201 MONROE STREET, THE RSA TOWER,  SUITE 1200",MONTGOMERY,36104,3342065341,Official Health Agency,50,50,50,50,50,50,5,5,94,5,91,5,88,5,93,87,454,23,953,300
AL,17300,AMEDISYS HOME HEALTH OF TUSCALOOSA,4116 WATERMELON ROAD,NORTHPORT,35473,8662978253,Local,50,50,50,50,50,50,5,5,94,5,91,5,89,5,91,88,307,30,953,300
AL,17124,DALE MEDICAL CENTER HOME HEALTH,126 HOSPITAL AVENUE,OZARK,36360,3347740750,Hospital Based Program,50,50,0,0,50,50,5,5,93,5,92,5,88,5,92,88,82,30,953,200
AL,17151,KINDRED AT HOME,1328 GREENBRIER-DEAR ROAD,ANNISTON,36207,2568357101,Local,50,50,50,50,50,50,5,5,92,5,91,5,90,5,92,86,223,32,951,300
AL,17152,KINDRED AT HOME,1025 WEST FORT WILLIAMS ST,SYLACAUGA,35150,2562494363,Local,50,50,50,50,50,50,5,5,94,5,93,5,89,4,91,93,128,36,940,300
AL,17090,KINDRED AT HOME,114 ACADEMY AVENUE,BUTLER,36904,2518432808,Local,50,50,0,0,0,50,5,5,92,5,94,5,91,4,92,90,168,30,939,150
AL,17078,AMEDISYS HOME HEALTH OF REFORM,315 1ST STREET SOUTH,REFORM,35481,8002777445,Local,50,50,50,50,50,50,5,5,94,5,91,5,91,4,91,89,151,28,936,300
AL,17134,LHC HOMECARE OF SOUTH ALABAMA,"1802 US HIGHWAY 84 WEST, SUITE A",OPP,36467,3344932087,Local,50,50,50,50,50,50,5,5,93,5,93,5,90,4,90,90,384,35,936,300
AL,17145,ST VINCENTS HOME HEALTH OF ST CLAIR COUNTY,"2401 STEMLEY BRIDGE ROAD, SUITE 7",PELL CITY,35128,2058847202,Local,50,50,50,50,50,50,5,5,94,5,91,5,89,4,93,89,409,32,936,300
AL,17097,"CLAY COUNTY HOSPITAL HOME CARE, LLC",83825 HIGHWAY 9,ASHLAND,36251,2563540077,Local,50,50,50,0,50,50,5,5,93,5,91,5,90,4,92,90,226,39,936,250
AL,17147,PRIME HOME HEALTH OF LEE COUNTY,2125 EXECUTIVE PARK DRIVE,OPELIKA,36801,3347457966,Local,50,50,50,50,50,50,5,5,94,5,91,5,93,4,87,89,108,31,934,300
AL,17091,HALE COUNTY HOSPITAL HOME HEALTH,506 GREENE STREET,GREENSBORO,36744,3346243066,Hospital Based Program,50,50,50,50,0,50,5,5,93,5,91,5,92,4,92,86,134,53,934,250
AL,17013,KINDRED AT HOME,1239 RUCKER BLVD,ENTERPRISE,36330,3343470234,Official Health Agency,50,50,50,0,0,50,5,5,91,5,91,5,90,4,90,92,266,35,934,200
AL,17071,KINDRED AT HOME,20 ALMON DRIVE SUITE C,MOULTON,35650,2569742741,Local,50,50,50,50,50,50,5,5,93,5,91,5,90,4,90,89,332,34,933,300
AL,17085,COOSA VALLEY HOMECARE,"209 WEST SPRING STREET, SUIT 305",SYLACAUGA,35150,2562080087,Local,50,50,50,50,50,50,5,5,94,5,92,5,88,4,91,88,162,29,933,300
AL,17096,TROY REGIONAL MEDICAL CENTER HOME HEALTH,798 HIGHWAY 231 SOUTH,TROY,36081,3344034520,Local,50,50,50,50,50,50,5,5,94,5,89,5,90,4,91,89,160,27,933,300
AL,17168,KINDRED AT HOME,824 WESTERN AMERICA DRIVE,MOBILE,36609,2513160917,Local,50,50,50,50,50,50,5,5,92,5,91,5,91,4,92,87,339,29,933,300
AL,17128,MEDICAL CENTERS HOMECARE,11687 US HWY 431,GUNTERSVILLE,35976,2568785811,Local,50,50,50,50,50,50,5,5,92,5,90,5,88,4,92,90,632,35,932,300
AL,17170,KINDRED AT HOME,1458 JONES DAIRY ROAD SUITE 100,JASPER,35501,2052215234,Local,50,50,50,50,50,50,5,5,93,5,91,5,89,4,91,87,246,33,931,300
AL,17320,AMEDISYS HOME HEALTH OF SELMA,108 EXECUTIVE PARK LANE,SELMA,36701,3348752550,Local,50,50,50,50,50,50,5,5,91,5,91,5,90,4,92,87,379,29,931,300
AL,17069,AMEDISYS HOME HEALTH OF FOLEY,1809 N MCKENZIE STREET,FOLEY,36535,8007636382,Official Health Agency,50,50,50,50,50,50,5,5,92,5,90,5,90,4,90,87,340,36,929,300
AL,17326,ALACARE HOME HEALTH & HOSPICE,"1690 BELTLINE ROAD, STE B",DECATUR,35601,2563555746,Local,50,50,50,50,50,50,5,5,91,5,90,5,90,4,89,89,389,33,929,300
AL,17327,AMEDISYS HOME HEALTH OF WALKER,100 HIGHWAY 78 WEST,JASPER,35501,2052952434,Local,50,50,50,50,50,50,5,5,94,5,91,5,90,4,88,86,153,31,929,300
AL,17050,SPECTRUM HOME HEALTH AGENCY,"1310 PULASKI PIKE, UNIT A",HUNTSVILLE,35816,2565394457,Local,50,50,50,50,50,50,5,5,92,5,90,5,88,4,90,87,104,45,927,300
AL,17092,ENCOMPASS HEALTH HOME HEALTH,194 WILLIAM E HILL DRIVE,CARROLLTON,35447,2053678111,Local,50,50,0,50,0,50,5,5,93,5,94,5,88,4,89,83,66,32,927,200
AL,17070,AMEDISYS HOME HEALTH OF CITRONELLE,"19375 NORTH 3RD STREET, SUITE 101",CITRONELLE,36522,2518663261,Official Health Agency,50,50,50,50,50,50,5,5,92,5,90,5,91,4,88,85,137,27,926,300
AL,17009,ALACARE HOME HEALTH & HOSPICE,2970 LORNA ROAD,BIRMINGHAM,35216,2058242680,Local,50,50,50,50,50,50,5,5,91,5,90,5,89,4,90,85,303,35,925,300
AL,17142,"ATMORE COMMUNITY HOME CARE, LLC",810 E CRAIG STREET,ATMORE,36502,2513686286,Local,50,50,0,0,0,50,5,5,93,5,90,5,92,4,90,80,101,24,925,150
AL,17016,SOUTHEAST ALABAMA HOMECARE,804 GLOVER AVENUE,ENTERPRISE,36330,3343474800,Local,50,50,50,50,50,50,5,5,92,5,89,5,91,4,87,85,197,33,924,300
AL,17055,KINDRED AT HOME,1988 FAIRVIEW AVENUE,PRATTVILLE,36066,3343619806,Local,50,50,50,50,50,50,5,5,93,5,89,5,88,4,87,87,351,30,924,300
AL,17093,DEKALB REGIONAL HOME HEALTH,"1706 GLENN BOULEVARD, SUITE 3",FORT PAYNE,35968,2565242411,Hospital Based Program,50,50,50,50,50,50,5,5,92,5,88,5,89,4,88,87,106,28,924,300
AL,17094,CHEROKEE HOME HEALTH,"104C NORTHWOOD DRIVE, STE A-1",CENTRE,35960,2569271144,Hospital Based Program,50,50,50,0,50,50,5,5,93,5,91,5,88,4,88,84,196,33,924,250
AL,17020,AMEDISYS HOME HEALTH CARE,"273 AZALEA ROAD, SUITE 204, BLDG 2",MOBILE,36609,2513800492,Local,50,50,50,50,50,50,5,5,92,5,88,5,90,4,90,82,320,25,922,300
AL,17052,KINDRED AT HOME,1628 NORTH MCKENZIE STREET,FOLEY,36535,2519433002,Local,50,50,50,50,50,50,5,5,91,5,89,5,88,4,87,87,261,39,922,300
AL,17095,ATHENS-LIMESTONE HOMECARE,"725 WEST MARKET STREET, SUITE A",ATHENS,35611,2562339533,Local,50,50,50,50,50,50,5,5,92,5,90,5,90,4,86,84,275,29,922,300
AL,17155,ALACARE HOME HEALTH & HOSPICE (MOBILE),6333 COTTAGE HILL ROAD,MOBILE,36609,2513410707,Local,50,50,50,50,50,50,5,5,92,5,90,5,89,4,86,84,90,28,921,300
AL,17171,KINDRED AT HOME,"1015 1ST STREET, SW, SUITE A",CULLMAN,35055,2567392992,Local,50,50,50,50,50,50,5,5,91,5,88,5,89,4,88,85,207,31,921,300
AL,17305,AMEDISYS HOME HEALTH OF ANNISTON,"171 TOWN CENTER DR, SUITE MPS-4",ANNISTON,36205,2568202503,Local,50,50,50,50,50,50,5,5,91,5,88,5,88,4,89,83,362,34,919,300
AL,17130,INFIRMARY HOMECARE,800 COLLEGE AVENUE,JACKSON,36545,2512626477,Local,50,50,0,0,50,50,5,5,94,5,94,5,91,3,90,89,127,32,918,200
AL,17328,AMEDISYS HOME HEALTH OF BREWTON,2554 DOUGLAS AVENUE,BREWTON,36426,2518091717,Local,50,50,50,50,0,50,5,5,92,5,88,5,89,4,87,81,151,28,917,250
AL,17167,KINDRED AT HOME,614 MARTIN ST N,PELL CITY,35125,2053388440,Local,50,50,50,50,50,50,5,5,95,5,92,4,87,4,91,89,92,27,914,300
AL,17121,KINDRED AT HOME,1309 ANTIOCH ROAD,ANDALUSIA,36420,3342222172,Local,50,50,50,50,0,50,5,5,94,5,92,4,85,4,92,90,211,35,913,250
AL,17116,IVY CREEK HOME HEALTH OF ELMORE,500 HOSPITAL DRIVE,WETUMPKA,36092,3345677710,Hospital Based Program,50,50,50,50,0,50,5,5,94,5,91,4,87,4,92,88,249,47,912,250
AL,17307,KINDRED AT HOME,"5009 RIVER CHASE DRIVE, BLDG 100, SUITE D",PHENIX CITY,36867,3342976900,Local,50,50,50,50,50,50,5,5,92,5,90,4,87,4,90,89,188,33,908,300
AL,17018,KINDRED AT HOME,"3225 RAINBOW STREET, SUITE 256",RAINBOW CITY,35906,2564421138,Local,50,50,50,50,50,50,5,5,93,5,90,4,87,4,88,89,367,31,907,300
AL,17058,KINDRED AT HOME,"9037 INDEPENDENCE AVENUE, SUITE B",DAPHNE,36526,2516210882,Local,50,50,50,50,50,50,5,5,91,4,89,5,90,4,89,87,339,35,906,300
AL,17178,"PROHEALTH OF NORTHEAST ALABAMA, LLC","1496 CHESTNUT BYP, UNIT D",CENTRE,35960,2053833538,Local,50,50,50,50,50,50,5,5,91,5,90,5,89,3,90,86,174,33,906,300
AL,17089,CULLMAN REGIONAL MEDICAL CENTER HOME CARE SERVICES,1912 AL HIGHWAY 157,CULLMAN,35058,2567372831,Hospital Based Program,50,50,50,0,50,50,5,5,93,5,91,4,85,4,87,90,150,35,906,250
AL,17165,AMEDISYS HOME HEALTH OF FLORENCE,"412 S COURT STREET, SUITE 403",FLORENCE,35630,2567661817,Local,50,50,50,50,50,50,5,5,92,5,90,4,87,4,90,86,296,29,905,300
AL,17107,SUNCREST HOME HEALTH,"222-224 7TH STREET SOUTH, SUITE 224",CLANTON,35045,2052804663,Local,50,50,50,50,50,50,5,4,90,5,89,5,90,4,88,86,355,32,903,300
AL,17143,D W MCMILLAN HOME HEALTH,114 W JACKSON STREET,BREWTON,36426,2518675054,Local,50,50,50,0,50,50,5,5,92,5,90,5,91,3,89,81,158,32,903,250
AL,17160,ENCOMPASS HEALTH HOME HEALTH,207 FOB JAMES DRIVE,VALLEY,36854,3347686225,Local,50,50,50,50,50,50,5,5,91,4,88,5,89,4,86,83,143,26,897,300
AL,17129,HOMECARE OF EAST ALABAMA MEDICAL CENTER,"665 OPELIKA ROAD, SUITE 300",AUBURN,36830,3348263131,Local,50,50,50,50,50,50,5,5,91,5,88,5,89,3,85,83,360,30,896,300
AL,17123,EAMC - LANIER HOME HEALTH,1806 44TH ST.,VALLEY,36854,3347561950,Local,50,50,50,50,50,50,5,5,91,5,90,5,89,3,85,79,204,30,894,300
AL,17072,AMEDISYS HOME HEALTH OF GREENVILLE,525 GREENVILLE BYPASS,GREENVILLE,36037,3343822042,Local,50,50,50,0,0,50,4,4,91,5,91,4,86,4,89,90,84,27,867,200
AL,17086,ALABAMA HOMECARE,"15 CLAIBORNE STREET, SUITE C",CAMDEN,36726,3346829050,Local,50,50,50,50,50,50,4,3,87,5,90,5,92,4,94,82,104,29,865,300
AL,17323,MONROE CO HOSP PROGRESSIVE HOM,DR WOODROW EDDINS MED DR-P.O. 886,MONROEVILLE,36461,2517437328,Official Health Agency,50,50,50,0,0,50,4,4,90,5,90,5,90,3,88,86,180,46,864,200
AL,17104,HIGHLANDS HOME HEALTH,901 HEROES DRIVE,SCOTTSBORO,35768,2562594840,Hospital Based Program,50,50,50,50,0,50,4,5,92,4,86,5,90,3,87,87,154,47,862,250
AL,17014,AMEDISYS HOME HEALTH,68278 MAIN STREET,BLOUNTSVILLE,35031,8664864919,Local,50,50,50,50,50,50,4,4,90,4,89,5,88,4,88,85,145,29,860,300
AL,17080,DCH HOME HEALTH CARE AGENCY,1110 DR EDWARD HILLARD DRIVE,TUSCALOOSA,35401,2057597010,Hospital Based Program,50,50,50,50,50,50,4,5,91,4,88,4,86,4,90,85,188,23,860,300
AL,17324,ALACARE HOME HEALTH AND HOSPICE,824 HIGHWAY 231 SOUTH,TROY,36081,3345669238,Local,50,50,50,50,50,50,4,4,90,5,90,4,87,4,87,85,305,29,859,300
AL,17153,COMFORT CARE HOME HEALTH OF ALABASTER,"1140 1ST STREET N, STE 200",ALABASTER,35007,2056850421,Local,50,50,50,50,50,50,4,5,92,4,86,4,87,4,88,85,765,47,858,300
AL,17053,ENCOMPASS HEALTH HOME HEALTH,"205 GRACELAND DRIVE, SUITE 3",DOTHAN,36305,3347935758,Local,50,50,50,50,50,50,4,4,90,5,89,4,86,4,88,84,336,31,857,300
AL,17103,BRYAN W. WHITFIELD MEMORIAL HOSPITAL HOME HEALTH,105 HIGHWAY 80 EAST,DEMOPOLIS,36732,3342890701,Combination Government Voluntary,50,50,50,50,0,50,4,5,94,5,93,3,84,4,89,77,57,29,857,250
AL,17115,GADSDEN REGIONAL HOME HEALTH,301 S 4TH STREET,GADSDEN,35901,2565382273,Local,50,50,50,50,0,50,4,4,90,5,89,4,87,4,89,81,201,30,856,250
AL,17024,SOUTHEAST ALABAMA HOMECARE,"1435 ROSS CLARK CIRCLE, SUITE 2",DOTHAN,36301,3347940591,Local,50,50,50,50,50,50,4,4,90,4,87,5,89,4,87,82,429,30,855,300
AL,17158,AMEDISYS HOME HEALTH OF FORT PAYNE,501 GREENHILL BLVD SUITE 150,FORT PAYNE,35967,2568448303,Local,50,50,50,50,50,50,4,4,90,5,88,4,87,4,86,84,228,28,855,300
AL,17172,"WOODLAND HOME HEALTH SERVICES CRMC, LLC",1910 CHEROKEE AVENUE SW,CULLMAN,35055,2568414443,Local,50,50,50,50,50,50,4,5,93,4,88,4,87,3,89,87,315,43,844,300
AL,17026,KINDRED AT HOME,"2100 RIVERCHASE CTR, STE 450",HOOVER,35244,2057397800,Local,50,50,50,50,50,50,4,4,91,4,89,4,87,4,89,84,291,26,840,300
AL,17125,KELLER HOME CARE,116 4TH AVENUE SE,RED BAY,35582,2563568160,Local,50,50,50,50,50,50,4,4,90,4,88,5,89,3,86,84,378,34,837,300
AL,17149,ST VINCENT'S HOME HEALTH OF JEFFERSON COUNTY,"1400 URBAN CENTER DRIVE, SUITE 240",BIRMINGHAM,35242,2053132800,Local,50,50,50,50,50,50,4,5,91,4,88,4,85,3,88,85,428,28,837,300
AL,17182,FIVE POINTS HOME HEALTH,"100 CONCOURSE PARKWAY, SUITE 120",HOOVER,35244,2052353232,Local,50,50,50,50,50,50,4,4,90,5,90,3,82,4,90,85,81,24,837,300
AL,17159,AMEDISYS HOME HEALTH,2560 COUNTY ROAD 112,DOTHAN,36303,8662050818,Local,50,50,50,50,50,50,4,4,91,4,88,5,88,3,86,83,306,26,836,300
AL,17066,SPRINGHILL HOME HEALTH AND HOSPICE,10 MOBILE STREET,MOBILE,36607,2514338172,Local,50,50,50,50,50,50,4,4,91,4,88,5,89,3,86,81,165,29,835,300
AL,17166,KINDRED AT HOME,118 6TH STREET SOUTH,CLANTON,35045,2057559926,Local,50,50,50,50,50,50,4,5,91,5,89,3,83,3,87,84,159,34,834,300
AL,17118,"AMEDISYS HH, A LAWRENCE MEDICAL CENTER PARTNER","15190 COURT STREET, SUITE B",MOULTON,35650,2569742200,Local,50,50,50,50,50,50,4,5,91,4,86,4,87,3,83,82,133,23,829,300
AL,17163,AMEDISYS HOME HEALTH OF MONROEVILLE,15 MAYFIELD STREET,MONROEVILLE,36460,8663340260,Local,50,50,50,50,50,50,4,4,89,5,87,4,86,3,85,82,143,29,829,300
AL,17117,LAKE MARTIN HOME HEALTH,729 EAST SOUTH STREET,DADEVILLE,36853,2568257050,Hospital Based Program,50,50,50,50,0,50,4,4,91,4,88,4,87,3,85,88,148,40,819,250
AL,17027,DECATUR MORGAN HOMECARE,"2708 HIGHWAY 31 SOUTH, SUITE B",DECATUR,35603,2563504182,Local,50,50,50,50,50,50,4,4,89,4,88,4,87,3,88,81,564,31,813,300
AL,17084,KINDRED AT HOME,200 CENTRAL PARK PLACE,SELMA,36701,3348726637,Local,50,50,50,50,50,50,4,4,90,5,92,3,84,3,83,84,138,24,813,300
AL,17025,SAAD HEALTHCARE,"1515 UNIVERSITY BLVD, SOUTH",MOBILE,36609,2513439600,Local,50,50,50,50,50,50,4,4,88,4,87,4,87,3,87,82,336,26,811,300
AL,17154,AMEDISYS HOME HEALTH,"4735 NORREL DRIVE, SUITE 125",TRUSSVILLE,35173,2056553707,Local,50,50,50,50,50,50,4,4,88,4,86,4,87,3,85,84,142,30,810,300
AL,17164,KINDRED AT HOME,2740 HEADLAND AVE,DOTHAN,36303,3349442290,Local,50,50,50,50,50,50,4,4,90,4,88,4,86,3,82,84,349,33,810,300
AL,17035,INFIRMARY HOMECARE,1142-A MONTLIMAR DRIVE,MOBILE,36609,2514503300,Local,50,50,50,50,50,50,4,4,90,4,86,4,87,3,85,81,593,31,809,300
AL,17106,EVERGREEN HOME CARE,308 SOUTH MAIN STREET,EVERGREEN,36401,2515786800,Hospital Based Program,50,0,0,0,0,50,4,5,91,4,87,3,83,3,84,84,78,37,809,100
AL,17034,COMFORT CARE COASTAL HOME HEALTH,1390 NORTH MCKENZIE STREET,FOLEY,36535,2516214431,Local,50,50,50,50,50,50,4,4,91,4,86,4,86,3,84,81,426,39,808,300
AL,17319,AMEDISYS HOME HEALTH OF MONTGOMERY,"300 INTERSTATE PARK DRIVE, SUITE 324",MONTGOMERY,36109,3342720313,Local,50,50,50,50,50,50,4,4,89,4,88,4,86,3,85,79,358,26,807,300
AL,17148,THOMAS HOME HEATLH,"7530 PARKER ROAD, SUITE 200",FAIRHOPE,36532,2519909200,Local,50,50,50,50,50,50,4,4,88,4,85,4,85,3,84,80,337,31,802,300
AL,17180,"PROHEALTH-GULF COAST, LLC",105B LOTTIE LANE,FAIRHOPE,36532,8663300609,Local,50,50,50,50,0,50,4,4,89,4,83,4,85,3,79,77,137,22,793,250
AL,17161,KINDRED AT HOME,"7067 OLD MADISON PIKE NW, SUITE 105",HUNTSVILLE,35806,2568813266,Local,50,50,50,50,50,50,4,4,89,4,88,3,81,3,86,83,304,27,787,300
AL,17051,AMEDISYS HOME HEALTH LAKESHORE OF BIRMINGHAM,"2204 LAKESHORE DRIVE, SUITE 200",HOMEWOOD,35209,2058680147,Local,50,50,50,50,50,50,4,4,90,4,88,3,84,3,84,79,337,25,785,300
AL,17119,HUNTSVILLE HOSPITAL HOMECARE,"500 BOULEVARD SOUTH SW, SUITE 203",HUNTSVILLE,35802,2569226650,Local,50,50,50,50,50,50,4,4,89,4,88,3,84,3,85,78,533,30,784,300
AL,17176,COMFORT CARE HOME HEALTH OF NORTH ALABAMA,1430 PARAMOUNT DRIVE,HUNTSVILLE,35806,2563468223,Local,50,50,50,50,50,50,4,4,90,3,84,4,86,3,80,80,195,43,780,300
AL,17132,BROOKDALE HOME HEALTH BIRMINGHAM,"1104 2ND AVE EAST, SUITE C",ONEONTA,35121,2052740720,Local,50,50,50,50,0,0,4,5,91,3,83,3,82,3,81,76,130,20,773,200
AL,17157,AMEDISYS HOME HEALTH OF OPELIKA,"3320 SKYWAY DRIVE, SUITE 804",OPELIKA,36801,3348877234,Local,50,50,50,50,50,50,3,4,89,3,84,3,84,3,83,81,175,28,741,300
AL,17037,BAPTIST HOME HEALTH,"451 ST. LUKE'S DRIVE, SUITE 451",MONTGOMERY,36117,3343955100,Local,50,50,50,50,50,50,3,3,87,4,86,3,82,3,83,79,350,27,737,300
AL,17028,CENTRAL ALABAMA HOME CARE,"3000 RIVERCHASE GALLERIA, STE 775",HOOVER,35244,2059774152,Visiting Nurse Association,50,50,50,50,50,50,3,4,89,2,80,5,90,2,82,75,82,23,736,300
AL,17056,KINDRED AT HOME,"11123 CHANTILLY PARKWAY, UNIT L",PIKE ROAD,36064,3342701151,Local,50,50,50,50,50,50,3,3,87,4,86,3,82,3,85,75,277,29,735,300
AL,17054,KINDRED AT HOME,"2100 SOUTHBRIDGE PKWY, SUITE 480",BIRMINGHAM,35209,2058360777,Local,50,50,50,50,50,50,3,4,88,3,83,3,82,3,83,76,330,26,732,300
AL,17039,AMEDISYS HOME HEALTH OF HUNTSVILLE,"250 CHATEAU DRIVE SW, SUITE 245",HUNTSVILLE,35801,2568851665,Local,50,50,50,50,50,50,3,3,86,4,85,3,83,3,80,73,346,24,727,300
AL,17138,L V STABLER MEMORIAL HOME HEALTH,"104 CAMELLIA AVENUE, SUITE B",GREENVILLE,36037,3343832286,Hospital Based Program,50,50,0,0,50,50,3,3,91,3,86,3,82,3,79,85,52,24,723,200
AL,17179,"PROHEALTH OF NORTH CENTRAL ALABAMA, LLC",923 2ND E AVENUE,ONEONTA,35121,2052740020,Local,50,50,50,50,50,50,3,3,87,3,86,3,83,3,84,78,127,21,718,300
AL,17175,ENCOMPASS HEALTH HOME HEALTH,"801 PRINCETON AVE SW, SUITE 210",BIRMINGHAM,35211,2052244545,Local,50,50,50,50,50,50,3,3,88,3,81,2,80,3,80,72,68,22,681,300
AL,17082,CV HOME HEALTH OF BIBB COUNTY,142 PIERSON AVENUE,CENTREVILLE,35042,2059263211,Official Health Agency,50,50,0,0,0,50,2,2,84,2,81,3,84,2,79,68,173,22,616,150
MS,257309,KINDRED AT HOME,"200 S. PONTOTOC ROAD, SUITE A",BRUCE,38915,6629832273,Local,50,50,50,50,50,50,5,5,95,5,92,5,92,5,94,91,211,32,964,300
MS,257117,MAGNOLIA REGIONAL HEALTH CENTER HH & HOSPICE AGENC,1001 SOUTH HARPER ROAD,CORINTH,38834,6626658016,Hospital Based Program,50,50,50,50,50,50,5,5,94,5,94,5,92,5,93,89,135,25,962,300
MS,257126,KINDRED AT HOME -FLOWOOD,106 RIVERVIEW DRIVE,FLOWOOD,39232,6013627801,Local,50,50,50,50,50,50,5,5,94,5,92,5,88,5,93,91,393,29,958,300
MS,257002,NORTH MISSISSIPPI MEDICAL CTR HHA,812 GARFIELD,TUPELO,38801,6623772499,Hospital Based Program,50,50,50,50,50,50,5,5,93,5,91,5,90,5,92,90,562,25,956,300
MS,257087,AMEDISYS HOME HEALTH OF COLLINS,18 MELODY LANE,COLLINS,39428,6017658316,Local,50,50,50,50,50,50,5,5,93,5,91,5,93,5,93,85,378,25,955,300
MS,257303,KINDRED AT HOME,101 NORTH INDUSTRIAL ROAD SUITE B,TUPELO,38801,6628449725,Local,50,50,50,50,50,50,5,5,93,5,92,5,90,5,92,88,394,35,955,300
MS,257124,ST LUKE HOME HEALTH SERVICES,210 STATE STREET (2ND FLOOR),MCCOMB,39648,6012494260,Local,50,50,50,50,50,50,5,5,94,5,88,5,88,5,91,92,319,33,953,300
MS,257016,SUNFLOWER HOME HEALTH,210 NORTH STREET,CLEVELAND,38732,6627564676,Official Health Agency,50,50,50,50,50,50,5,5,94,5,92,5,91,4,92,88,411,30,937,300
MS,257135,DEACONESS HOMECARE-REGION 11,105 WHITEBROOK DRIVE,BROOKHAVEN,39601,6018351145,Local,50,50,50,50,50,50,5,5,92,5,90,5,89,4,93,92,324,32,936,300
MS,257300,KINDRED AT HOME,2600 OLD NORTH HILLS STREET,MERIDIAN,39305,6014825055,Local,50,50,50,50,50,50,5,5,93,5,91,5,92,4,92,88,374,28,936,300
MS,257129,STA HOME HEALTH AND HOSPICE,730 HWY 35 SOUTH,CARTHAGE,39051,6012678333,Local,50,50,50,50,50,50,5,5,93,5,92,5,92,4,90,88,677,34,935,300
MS,257305,ADORATION HOME HEALTH CARE MISSISSIPPI,803 EAST SUNFLOWER RD,CLEVELAND,38732,6628467693,Local,50,50,50,50,50,50,5,5,93,5,92,5,88,4,89,93,157,38,935,300
MS,257034,"HOMECHOICE HEALTH SERVICES, INC",2007 OAK TREE COVE,HERNANDO,38632,6624494955,Local,50,50,50,50,50,50,5,5,92,5,92,5,90,4,88,90,150,28,932,300
MS,257110,KINDRED AT HOME,189 PARK CREEK DRIVE,COLUMBUS,39705,6623279669,Local,50,50,50,50,50,50,5,5,92,5,89,5,88,4,92,90,360,31,931,300
MS,257088,WAYNE GENERAL HOSPITAL HHA,"951 MATTHEW DRIVE, SUITE  / MAIL TO: P.O. BOX 1249",WAYNESBORO,39367,6017355500,Hospital Based Program,50,50,50,50,0,50,5,4,92,5,89,5,89,5,90,90,125,42,930,250
MS,257085,DEACONESS HOMECARE- REGION 1,128 SOUTH 11TH AVENUE,LAUREL,39440,6016492231,Local,50,50,50,50,50,50,5,5,92,5,91,5,89,4,90,87,1345,29,929,300
MS,257128,SAADS HOME NURSING OF MS,10598 D'IBERVILLE BLVD SUITE B,DIBERVILLE,39540,2284328855,Local,50,50,50,50,50,50,5,5,93,5,91,5,88,4,91,86,247,29,929,300
MS,257131,STA HOME HEALTH AND HOSPICE,205 WALTHALL  STREET,GREENWOOD,38930,6624538420,Official Health Agency,50,50,50,50,50,50,5,5,92,5,90,5,91,4,89,86,626,32,928,300
MS,257103,AMEDISYS HOME HEALTH OF VICKSBURG,"2080 SOUTH FRONTAGE ROAD, SUITE 105",VICKSBURG,39180,6016193670,Official Health Agency,50,50,50,50,50,50,5,5,93,5,90,5,90,4,88,86,405,26,927,300
MS,257120,MISSISSIPPI HOMECARE OF RICHTON,"308 NORTH FRONT ST, SUITE E ( PO BOX 1314)",RICHTON,39476,6017882912,Local,50,50,50,50,50,50,5,5,92,5,90,5,91,4,90,84,378,29,927,300
MS,257091,ENCOMPASS HEALTH-HOME HEALTH & HOSPICE,133 MAYFAIR ROAD,HATTIESBURG,39402,6012680408,Local,50,50,50,50,50,50,5,5,92,5,90,5,89,4,90,85,288,29,926,300
MS,257100,AMEDISYS HOME HEALTH OF BILOXI,"925 TOMMY MUNRO DRIVE, SUITE K",BILOXI,39532,2283884144,Local,50,50,50,50,50,50,5,5,92,5,91,5,88,4,88,84,193,26,923,300
MS,257114,BAPTIST HOME CARE AND HOSPICE NORTH MISSISSIPPI,548 HIGHWAY 6 EAST,BATESVILLE,38606,6625788402,Local,50,50,50,50,50,50,5,5,91,5,89,5,89,4,87,84,634,30,920,300
MS,257311,MID DELTA HH OF CHARLESTON INC,617 NORTH STATE STREET,CLARKSDALE,38614,6626244910,Local,50,50,50,50,50,50,5,5,92,5,89,5,88,4,88,79,65,15,916,300
MS,257143,TENDER LOVING CARE,"11010 HIGHWAY 49, SUTE 4",GULFPORT,39503,2288319821,Local,50,50,50,50,50,0,5,4,91,5,90,5,90,4,91,92,175,29,914,250
MS,257127,FORREST GENERAL HOME CARE,1414 SOUTH 28TH AVENUE,HATTIESBURG,39402,6012884344,Hospital Based Program,50,50,50,50,50,50,5,5,93,5,91,3,84,5,92,90,371,24,910,300
MS,257096,PRO CARE HOME HEALTH,#20 BAY AVENUE / P. O. BOX 527,BAY SPRINGS,39422,6017642081,Hospital Based Program,50,50,50,50,50,50,5,5,93,4,88,5,91,4,86,89,137,55,907,300
MS,257102,STA HOME HEALTH AND HOSPICE,"130 FAIRMONT STREET, SUITE A (PHYSICAL)",CLINTON,39056,6019614367,Local,50,50,50,50,50,50,5,4,92,5,89,5,89,4,90,87,554,29,907,300
MS,257122,MISSISSIPPI HOMECARE OF EUPORA,"1700  VETERANS BLVD, SUITE B",EUPORA,39744,6012675446,Local,50,50,50,50,50,50,5,5,93,5,90,4,87,4,89,88,912,29,907,300
MS,257107,MISSISSIPPI HOMECARE -  VICKSBURG,"2080 S FRONTAGE ROAD, SUITE 107",VICKSBURG,39180,6016290015,Local,50,50,50,50,50,50,5,5,91,4,87,5,90,4,89,85,109,25,902,300
MS,257304,KINDRED AT HOME,217 CALDWELL DRIVE,HAZLEHURST,39083,6018942701,Local,50,50,50,50,50,50,5,4,90,5,88,5,91,4,87,83,121,26,899,300
MS,257147,INTREPID USA HEALTHCARE SERVICES,"885 FERNCLIFF DR, SUITE 1 & 3",SOUTHAVEN,38671,6623930109,Local,50,50,50,0,0,50,5,5,92,5,90,5,88,3,84,85,77,28,899,200
MS,257123,HOMECHOICE HEALTH SERVICES- HATTIESBURG,"22 MILLBRANCH ROAD, SUITE 100",HATTIESBURG,39402,6012688450,Hospital Based Program,50,50,50,50,50,50,5,4,91,5,90,5,90,4,85,78,157,23,894,300
MS,257101,ADORATION HOME HEALTH CARE MISSISSIPPI,115 S. MARTIN LUTHER KING DRIVE,INDIANOLA,38751,6628871202,Local,50,50,50,50,50,50,4,4,90,5,91,4,87,4,87,86,220,42,861,300
MS,257082,MISSISSIPPI HOMECARE OF JACKSON,"1200 NORTH STATE STREET, SUITE 200",JACKSON,39202,6013525063,Local,50,50,50,50,50,50,4,4,91,5,89,4,86,4,88,84,1499,28,858,300
MS,257090,KARE IN HOME HEALTH SERVICES,10281 CORPORATE DRIVE,GULFPORT,39503,2286042155,Local,50,50,50,50,50,50,4,5,92,4,88,4,85,4,86,84,326,29,855,300
MS,257121,AMEDISYS HOME HEALTH,2900 NORTH HILLS STREET,MERIDIAN,39305,6014843293,Local,50,50,50,50,50,50,4,5,92,5,90,4,87,3,85,79,161,25,853,300
MS,257097,ENCOMPASS HEALTH-HOME HEALTH,"2080 SOUTH FRONTAGE ROAD, SUITE 103",VICKSBURG,39180,6016386606,Local,50,50,50,50,50,50,4,4,90,4,86,5,88,3,85,82,317,26,831,300
MS,257098,DELTA REGIONAL MED.CTR.HHA,300 SOUTH WASHINGTON AVE / PO BOX 5247,GREENVILLE,38701,6627251200,Hospital Based Program,50,50,50,50,50,50,4,4,92,4,86,4,85,4,85,81,176,34,829,300
MS,257111,ENCOMPASS HEALTH HOME HEALTH OF GULF COAST,11703 HIGHLAND CIRCLE,GULFPORT,39503,2287629355,Local,50,50,50,50,50,50,4,4,91,4,86,4,86,3,86,81,277,26,810,300
MS,257141,MISSISSIPPI HOMECARE OF PICAYUNE,1701 HWY 43 N STE 6,PICAYUNE,39466,6017499101,Local,50,50,50,50,50,50,4,4,90,4,87,4,86,3,84,80,721,29,807,300
MS,257089,FORREST GENERAL HOME CARE OF MARION GENERAL,912 SUMRALL ROAD,COLUMBIA,39429,6017402201,Hospital Based Program,50,50,50,50,50,50,4,4,93,5,91,2,80,3,89,82,89,25,795,300
MS,257099,COMFORTCARE HOME HEALTH,2260 HIGHWAY 15 NORTH,LAUREL,39440,6014257521,Hospital Based Program,50,50,50,0,50,50,3,4,89,4,87,2,80,3,84,82,147,27,742,250
MS,257115,MID DELTA HOME HEALTH AGENCY,405 N HAYDEN ST,BELZONI,39038,6622471254,Local,50,50,50,50,50,50,3,3,88,3,84,3,83,3,82,78,310,18,715,300
ND,357044,TRINITY HOSPITALS  HOME HEALTH,1015 S BROADWAY STE 306,MINOT,58701,7018575082,Hospital Based Program,50,50,50,50,50,50,5,5,91,5,91,4,86,5,90,89,108,42,927,300
ND,357014,ALTRU'S HOME HEALTH,1380 SOUTH COLUMBIA RD,GRAND FORKS,58201,7017805880,Hospital Based Program,50,50,50,50,50,50,5,5,91,5,90,5,93,4,86,81,164,40,921,300
ND,357007,GOOD SAMARITAN SOCIETY HOME CARE,302 7TH AVENUE NE,DEVILS LAKE,58301,7015440195,Local,50,50,50,50,0,50,5,4,90,5,91,5,90,4,86,82,93,28,899,250
ND,357016,CHI HEALTH AT HOME,1212 E MAIN AVE,BISMARCK,58501,7015304500,Local,50,50,50,0,50,50,5,5,92,5,89,4,86,4,88,80,138,43,895,250
ND,357042,GOOD SAMARITAN SOCIETY - HOME CARE,600 SOUTH 2ND STREET SUITE 101,BISMARCK,58504,7012557575,Local,50,50,50,50,0,50,4,5,92,4,86,4,87,4,86,85,58,22,856,250
ND,357029,SANFORD HOME CARE,910 18TH ST NW,MANDAN,58554,7013238400,Hospital Based Program,50,50,50,50,50,50,4,5,89,4,83,4,86,4,85,79,118,32,842,300
ND,357002,JAMESTOWN REGIONAL MEDICAL CENTER HOME HEALTH,2422 20TH ST SW,JAMESTOWN,58401,7019524847,Hospital Based Program,50,50,50,50,50,50,4,5,93,4,87,3,81,3,84,91,54,24,816,300
ND,357037,SANFORD HOME CARE FARGO,100 4TH SOUTH STREET,FARGO,58103,7012344900,Hospital Based Program,50,50,50,50,50,50,4,4,88,4,84,4,86,3,87,81,471,32,806,300
ND,357035,CHI HEALTH AT HOME,367  2ND ST NW,VALLEY CITY,58072,8558603464,Local,50,50,50,50,50,50,4,4,88,4,85,3,83,3,81,79,137,46,776,300
ND,357302,ETHOS HOME CARE,3361 45TH ST S  SUITE 100,FARGO,58104,7013563803,Local,50,50,50,50,0,50,4,4,87,5,88,3,82,2,77,80,200,43,774,250
TN,447264,"HMC HOME HEALTH, LLC",115 PATTERSON ROAD,SAVANNAH,38372,7319250276,Local,50,50,50,50,50,50,5,5,95,5,96,5,96,5,94,93,182,41,974,300
TN,447201,DEACONESS HOMECARE,123 PICKWICK STREET,SAVANNAH,38372,7319256626,Local,50,50,50,50,50,50,5,5,95,5,94,5,93,5,95,93,290,38,970,300
TN,447188,AMEDISYS HOME HEALTH OF TENNESSEE,1006 OLD KNOXVILLE ROAD,TAZEWELL,37879,4236262405,Local,50,50,50,50,50,50,5,5,93,5,92,5,88,5,93,93,323,30,959,300
TN,447278,AMEDISYS HOME HEALTH CARE,8 STONEBRIDGE BLVD SUITE L,JACKSON,38305,7316642264,Local,50,50,50,50,50,50,5,5,94,5,92,5,90,5,93,89,320,32,958,300
TN,447499,HENRY CO MEDICAL CENTER H H,311 EAST WOOD STREET,PARIS,38242,7316427600,Hospital Based Program,50,50,50,50,50,50,5,5,93,5,88,5,91,5,94,90,144,38,956,300
TN,447557,VOLUNTEER HOME CARE,2448 EASTEND DRIVE,HUMBOLDT,38343,7317847200,Local,50,50,50,50,50,50,5,5,92,5,92,5,88,5,91,89,378,34,952,300
TN,447184,QUALITY FIRST HOME CARE,"500 SOUTH JAMES CAMPBELL BLVD, SUITE A",COLUMBIA,38401,9315400062,Local,50,50,50,50,50,50,5,5,95,5,94,5,93,4,91,89,187,33,942,300
TN,447434,EXTENDICARE HOME HEALTH OF WESTERN TN,"1720 EAST REELFOOT AVENUE, SUITE 203",UNION CITY,38261,7318850866,Local,50,50,50,50,50,50,5,5,94,5,94,4,87,5,94,93,141,36,942,300
TN,447424,SAINT THOMAS HOME HEALTH,135 EAST SWAN ST,CENTERVILLE,37033,9317294271,Official Health Agency,50,50,50,50,0,0,5,5,94,5,93,4,86,5,93,95,53,45,941,200
TN,447131,HIGHLAND RIM HOME HEALTH,2370 QUINLAND LAKE ROAD,COOKEVILLE,38506,9315285578,Hospital Based Program,50,50,50,0,50,50,5,5,93,5,92,5,91,4,92,89,255,39,937,250
TN,447238,AMEDISYS HOME CARE,"107 N PORTER STREET, SUITE 3",WINCHESTER,37398,9319624663,Local,50,50,50,50,50,50,5,5,95,5,92,4,85,5,93,90,273,30,935,300
TN,447555,HANCOCK COUNTY HOME HEALTH AGENCY,1246 MAIN STREET  PO BOX 32,SNEEDVILLE,37869,4237334032,Local,50,50,50,0,50,50,5,5,95,5,90,4,85,5,95,90,116,38,935,250
TN,447505,AMEDISYS HOME HEALTH CARE,1500 WEST ELK AVENUE SUITE 201,ELIZABETHTON,37643,4235472310,Local,50,50,50,50,50,50,5,5,94,5,91,4,87,5,94,88,384,31,934,300
TN,447405,CLINCH RIVER HOME HEALTH,401 SULPHUR SPRINGS RD,CLINTON,37716,8654574263,Visiting Nurse Association,50,50,50,50,50,50,5,5,92,5,86,5,89,4,93,91,97,44,931,300
TN,447260,AMEDISYS HOME HEALTH,508 W MAIN STREET,LIVINGSTON,38570,9315725191,Local,50,50,50,50,50,50,5,5,92,5,90,5,88,4,91,88,450,31,929,300
TN,447284,EXTENDICARE HOME HEALTH OF WEST TN,"250 NORTH PARKWAY, SUITE 30 JACKSON",JACKSON,38305,7316681372,Local,50,50,50,50,50,50,5,5,92,5,90,5,89,4,90,86,534,30,927,300
TN,447561,VOLUNTEER HOMECARE OF WEST TN,68 WEST MAIN STREET PO BOX 25,PARSONS,38363,7318478250,Local,50,50,50,50,50,50,5,5,92,5,91,5,88,4,91,85,310,29,927,300
TN,447163,WILLOWBROOK HOME HEALTH CARE,"PARK ELM PLAZA, 1451 ELM HILL PIKE",NASHVILLE,37210,6153666060,Local,50,50,50,50,50,50,5,5,92,5,90,5,89,4,89,86,275,35,926,300
TN,447469,BLOUNT MEMORIAL HOME HEALTH,1095 EAST LAMAR ALEXANDER PKWY,MARYVILLE,37804,8659812160,Hospital Based Program,50,50,50,50,50,50,5,5,91,5,90,5,91,4,89,83,313,33,924,300
TN,447225,"ABILISHEALTH MARTIN, LLC",135 KENNEDY DRIVE,MARTIN,38237,7315872996,Local,50,50,50,50,50,50,5,5,90,5,90,5,89,4,89,84,217,31,922,300
TN,447101,MEDICAL CENTER HOME HEALTH,33 DIRECTORS ROW,JACKSON,38305,7319842000,Local,50,50,50,50,50,50,5,5,91,5,90,5,89,4,88,82,506,32,920,300
TN,447190,AMEDISYS HOME HEALTH CARE,1423 WEST MORRIS BLVD SUITE B,MORRISTOWN,37814,4235860106,Local,50,50,50,50,50,50,5,5,93,5,91,4,87,4,92,91,319,30,914,300
TN,447444,BAPTIST MEMORIAL HOME CARE,641 RB WILSON DR SUITE D,HUNTINGDON,38344,9019863220,Local,50,50,50,50,50,50,5,5,93,5,92,4,86,4,93,90,109,34,914,300
TN,447195,"SMOKY MOUNTAIN HOME HEALTH AND HOSPICE, INC",222 HERITAGE BLVD P O BOX 754,NEWPORT,37821,4236230233,Local,50,50,50,50,50,50,5,5,93,5,91,3,83,5,93,91,420,41,911,300
TN,447296,AMEDISYS HOME HEALTH,1809 WARD DRIVE,MURFREESBORO,37129,6158930214,Local,50,50,50,50,50,50,5,5,94,5,91,4,85,4,91,88,143,23,909,300
TN,447191,KINDRED AT HOME 1,"115 WINWOOD DR, STE 101",LEBANON,37087,6154490045,Local,50,50,50,50,50,50,5,5,91,5,91,4,86,4,91,88,215,26,907,300
TN,447408,MAURY REGIONAL HOME SERVICES,725 SOUTH JAMES CAMPBELL BLVD,COLUMBIA,38401,9314904600,Hospital Based Program,50,50,50,50,50,50,5,5,92,4,88,5,89,4,92,86,193,29,907,300
TN,447564,"HOME HEALTH CARE OF WEST TENNESSEE, INC",2995 APPLING RD SUITE 102,BARTLETT,38133,9012665100,Official Health Agency,50,50,50,50,50,50,5,4,91,5,88,5,92,4,90,86,95,32,907,300
TN,447500,UNIVERSITY OF TN MEDICAL CENTER HOME HEALTH SERV,3301 WEST ANDREW JOHNSON SUITE 102,MORRISTOWN,37814,4235869291,Local,50,50,50,50,50,50,5,5,92,4,88,5,89,4,88,86,379,35,903,300
TN,447006,WILLOWBROOK VISITING NURSE INC,3147 PLAYERS CLUB PARKWAY,MEMPHIS,38125,9012768300,Visiting Nurse Association,50,50,50,50,50,50,5,4,90,5,90,5,89,4,90,82,89,21,901,300
TN,447109,DEACONESS HOMECARE,PO BOX 433,FAYETTEVILLE,37334,9314337026,Local,50,50,50,50,50,50,5,5,92,5,90,5,89,3,85,85,110,33,901,300
TN,447406,QUALITY HOME HEALTH,"101 DUNCAN STREET, SUITE 101-B",JAMESTOWN,38556,9318799928,Local,50,50,50,50,50,50,5,5,93,5,91,5,88,3,85,84,299,40,901,300
TN,447206,AMEDISYS HOME HEALTH,209 10TH AVENUE SOUTH SUITE 408,NASHVILLE,37203,6153137400,Local,50,50,50,50,50,50,5,5,91,5,89,4,85,4,89,85,378,25,899,300
TN,447503,"ABILISHEALTH BROWNSVILLE, LLC",1143 TAMMBELL ST,BROWNSVILLE,38012,7317729474,Local,50,50,50,50,50,50,5,5,92,5,88,5,90,3,88,81,105,24,899,300
TN,447156,AMEDISYS HOME HEALTH CHATTANOOGA,7205 LEE HIGHWAY SUITE A,CHATTANOOGA,37421,4234723069,Local,50,50,50,50,50,50,5,5,91,5,89,4,85,4,87,86,459,26,898,300
TN,447417,"ADVANCED HOME CARE, INC",1670 W ANDREW JOHNSON HWY,GREENEVILLE,37745,4236360700,Official Health Agency,50,50,50,0,50,50,5,5,92,4,87,5,89,4,89,81,141,31,898,250
TN,447506,CHI MEMORIAL HEALTH AT HOME,1949 GUNBARREL ROAD SUITE 250,CHATTANOOGA,37421,4234958550,Hospital Based Program,50,50,50,0,50,50,5,5,91,5,89,4,85,4,87,85,330,30,897,250
TN,447139,COVENANT HOMECARE,3001 LAKE BROOK BLVD SUITE 101,KNOXVILLE,37909,8653740600,Local,50,50,50,50,50,50,5,5,91,5,89,4,85,4,87,83,1054,30,895,300
TN,447247,LINCOLN MEDICAL HOME HEALTH AND HOSPICE,2250 THORNTON TAYLOR PKY SUITE B,FAYETTEVILLE,37334,9314338088,Hospital Based Program,50,50,50,50,50,50,5,5,91,5,87,5,91,3,80,85,78,34,894,300
TN,447316,"ABILIS HEALTH MCMINNVILLE, LLC",165 VOTECH DR,MC MINNVILLE,37110,9314742273,Local,50,50,0,0,50,50,5,5,91,4,85,5,90,4,85,82,130,30,893,200
TN,447124,"MERITAN, INC",345 ADAMS AVE,MEMPHIS,38110,9017660600,Local,50,50,50,50,50,50,5,5,92,4,87,5,88,4,82,80,153,31,889,300
TN,447111,KINDRED AT HOME,"320 NORTH CEDAR BLUFF RD, SUITE 380",KNOXVILLE,37923,8655843133,Local,50,50,50,50,50,0,4,5,94,4,87,4,86,4,91,89,84,25,867,250
TN,447581,"ADORATION HOME HEALTH, LLC","545 MAINSTREAM DRIVE, SUITE 411",NASHVILLE,37228,6157333600,Visiting Nurse Association,50,50,50,50,50,50,4,5,93,4,87,3,83,5,93,89,373,27,865,300
TN,447402,TENNESSEE QUALITY CARE - HOME HEALTH,580 TENNESSEE AVENUE NORTH,PARSONS,38363,7318479228,Local,50,50,50,50,50,50,4,4,90,4,88,5,88,4,92,85,315,39,863,300
TN,447476,SWEETWATER HOSP HOME HEALTH,304 WRIGHT STREET,SWEETWATER,37874,8652138508,Hospital Based Program,50,50,50,50,0,50,4,5,92,4,88,4,87,4,89,87,238,43,863,250
TN,447108,ENCOMPASS HEALTH HOME HEALTH,"2068 COWAN HIGHWAY,  SUITE 440",WINCHESTER,37398,9319670633,Local,50,50,50,50,50,50,4,5,92,5,90,4,86,3,87,87,392,27,862,300
TN,447279,HOME HEALTH CARE OF EAST TN,2765 EXECUTIVE PARK DRIVE,CLEVELAND,37312,8005450418,Local,50,50,50,50,50,50,4,4,91,4,87,5,89,4,89,86,243,43,862,300
TN,447422,AMEDISYS HOME HEALTH,2913 BOONES CREEK RD STE 6,JOHNSON CITY,37615,4239522340,Local,50,50,50,50,50,50,4,5,92,5,90,3,83,4,90,86,477,28,861,300
TN,447176,SUNCREST HOME HEALTH,471 WEST BROAD STREET,SMITHVILLE,37166,6155977777,Local,50,50,50,50,50,50,4,4,90,5,89,5,89,3,86,86,329,35,860,300
TN,447573,"AMERICAN NATIONAL HOME HEALTH, INC",95 SIGNATURE PLACE,LEBANON,37087,6154531029,Local,50,50,50,50,50,50,4,5,91,4,87,4,85,4,92,85,64,32,860,300
TN,447558,AMEDISYS HOME HEALTH SERVICES,900 CONFERENCE DRIVE SUITE 1A,GOODLETTSVILLE,37072,7317363700,Local,50,50,50,50,50,50,4,5,91,5,92,3,84,4,85,87,182,27,859,300
TN,447404,INTERIM HEALTH CARE OF EAST TENNESSEE,2482 BRIGHTS PIKE,MORRISTOWN,37814,4235878771,Official Health Agency,50,50,50,50,50,50,4,5,92,5,91,2,80,5,92,83,255,32,858,300
TN,447114,NHC HOMECARE MURFREESBORO,"1923 MEMORIAL BLVD, SUITE A",MURFREESBORO,37129,6158962300,Local,50,50,50,50,50,50,4,4,90,5,90,4,85,4,87,84,328,28,856,300
TN,447403,SUNCREST HOME HEALTH SERVICES,1210 BRIARVILLE RD BLDG D,MADISON,37115,6158659841,Local,50,50,50,50,50,50,4,5,91,5,89,4,86,3,84,85,392,29,855,300
TN,447489,INTREPID USA HEALTHCARE SERVICES,414 SWEETWATER VONORE ROAD,SWEETWATER,37874,4233376342,Local,50,50,50,50,50,50,4,5,91,4,85,4,85,4,86,85,165,23,852,300
TN,447213,NHC HOMECARE SOMERVILLE,17985 HIGHWAY 64,SOMERVILLE,38068,9014654101,Official Health Agency,50,50,50,50,50,0,4,4,90,5,88,5,90,3,84,79,70,22,851,250
TN,447565,INTREPID USA HEALTHCARE SERVICES,"72 STONEBRIDGE, SUITE 1",JACKSON,38305,7316689400,Local,50,50,50,0,50,50,4,4,89,5,89,4,86,4,87,78,214,29,849,250
TN,447125,NHC HOMECARE COLUMBIA,915 S JAMES CAMPBELL BLVD,COLUMBIA,38401,9313811234,Visiting Nurse Association,50,50,50,50,50,50,4,4,90,5,90,4,87,3,87,87,387,34,841,300
TN,447312,AMEDISYS HOME HEALTH CARE,1420 DUTCH VALLEY ROAD SUITE A,KNOXVILLE,37918,8655842510,Local,50,50,50,50,50,50,4,5,91,4,86,3,83,4,90,87,351,28,837,300
TN,447442,INTREPID USA HEALTHCARE SERVICES,"225 NORTH WILLOW AVENUE, 3RD FLOOR",COOKEVILLE,38501,9316464806,Local,50,50,50,50,50,50,4,5,91,5,93,2,77,4,86,86,50,32,833,300
TN,447513,HOME CARE SOLUTIONS,"2525 PERIMETER PLACE, SUITE 117",NASHVILLE,37214,6153650300,Local,50,50,50,50,50,50,4,4,90,5,89,3,84,4,88,82,445,30,833,300
TN,447086,METHODIST ALLIANCE HOME CARE,"6400 SHELBY VIEW DR, SUITE 101",MEMPHIS,38134,9015161800,Hospital Based Program,50,50,50,50,50,50,4,5,91,4,88,3,81,4,88,84,375,22,832,300
TN,447138,DEACONESS HOMECARE 1,6978 LEBANON ROAD SUITE B,MOUNT JULIET,37122,6154538550,Local,50,50,50,50,50,50,4,5,91,5,89,3,84,3,84,83,261,29,831,300
TN,447259,SUNCREST HOME HEALTH,"2292 DALTON DRIVE, SUITE A",CLARKSVILLE,37043,9315521674,Official Health Agency,50,50,50,50,50,50,4,5,91,5,90,3,84,3,85,81,170,31,831,300
TN,447254,KINDRED AT HOME,2004 AMERICAN WAY SUITE 121,KINGSPORT,37660,4232301000,Official Health Agency,50,50,50,50,50,0,4,5,91,5,89,3,83,3,84,83,218,24,830,250
TN,447298,TENNOVA HOME HEALTH-CLARKSVILLE,"311 LANDRUM PLACE, SUITE B400",CLARKSVILLE,37043,9315529551,Local,50,50,50,50,50,50,4,4,88,5,89,4,87,3,84,78,247,27,826,300
TN,447538,AMEDISYS HOME CARE,8245 TOURNAMENT DRIVE SUITE 255,MPHS,38125,9017617112,Local,50,50,50,50,50,50,4,4,90,4,86,4,86,3,88,85,188,22,815,300
TN,447517,HOME HEALTH CARE OF MIDDLE TN,"TWO INTERNATIONAL PLAZA DRIVE, SUITE 901",NASHVILLE,37217,6153614859,Local,50,50,50,50,50,50,4,4,91,4,88,3,84,4,88,80,290,32,811,300
TN,447153,NHC HOMECARE JOHNSON CITY,709 MED TECH PARKWAY SUITE 2,JOHNSON CITY,37604,4234340163,Local,50,50,50,0,50,50,4,5,91,4,89,2,78,4,90,83,140,31,811,250
TN,447488,KINDRED AT HOME,"624 GRASSMERE PARK DRIVE, SUITE 8",NASHVILLE,37211,6153609000,Official Health Agency,50,50,50,50,50,0,4,4,90,5,88,3,83,3,86,84,186,24,811,250
TN,447291,SUNCREST HOME HEALTH,121 NORTH IRWIN STREET,MANCHESTER,37355,9317282453,Local,50,50,50,50,50,50,4,4,90,4,88,4,85,3,86,80,352,28,809,300
TN,447230,UNIVERSITY OF TN MEDICAL CENTER HOME CARE SERVICES,"4435 VALLEY VIEW DRIVE, SUITE 101",KNOXVILLE,37917,8655446200,Local,50,50,50,50,50,50,4,4,90,4,86,4,86,3,84,81,774,32,807,300
TN,447566,"GUARDIAN HOME CARE OF NASHVILLE, LLC","741 COOL SPRINGS BLVD, SUITE 110",FRANKLIN,37067,6157712080,Local,50,50,50,50,50,50,4,4,88,4,86,4,86,3,84,83,454,24,807,300
TN,447142,CAMELLIA HOME HEALTH,1700 LIBERTY STREET,KNOXVILLE,37921,8655844010,Local,50,50,50,50,50,50,4,4,89,5,87,3,84,3,85,81,310,28,806,300
TN,447263,HOMECHOICE HEALTH SERVICES,2606 CORPORATE AVE SUITE 201,MEMPHIS,38132,9013804404,Official Health Agency,50,50,50,0,50,50,4,4,90,4,88,4,86,3,85,77,301,25,806,250
TN,447107,AMEDISYS HOME HEALTH,"2000 GLEN ECHO ROAD, SUITE 115",NASHVILLE,37215,6152983931,Local,50,50,50,50,50,50,4,5,91,5,89,2,78,3,84,82,323,25,804,300
TN,447150,TENNOVA HEALTHCARE HOME HEALTH,"1512 COLEMAN ROAD, SUITE 310",KNOXVILLE,37919,8653377859,Hospital Based Program,50,50,50,50,50,50,4,4,91,4,87,4,85,3,83,78,268,27,804,300
TN,447277,AMEDISYS HOME HEALTH,"6005 PARK AVENUE, SUITE 200-B",MEMPHIS,38119,9016857231,Local,50,50,50,50,50,50,4,4,88,4,86,4,87,3,84,79,367,23,804,300
TN,447528,SUNCREST HOME HEALTH,657 BROADWAY SUITE C,JEFFERSON CITY,37760,8654754138,Official Health Agency,50,50,50,0,50,50,4,4,90,4,85,3,81,4,86,80,297,29,802,250
TN,447269,TENNOVA HOME HEALTH - CLEVELAND,175 24TH ST,CLEVELAND,37311,4235596092,Local,50,50,50,50,50,50,4,4,89,4,85,3,81,4,85,80,170,24,800,300
TN,447281,TENNOVA HOME HEALTH - SHELBYVILLE,635 N MAIN STREET SUITE D,SHELBYVILLE,37160,9316855330,Local,50,50,50,50,50,50,4,4,89,4,87,4,85,3,84,75,63,29,800,300
TN,447466,LIFELINE HOME HEALTH CARE,2109 PARK PLAZA SUITE 200,SPRINGFIELD,37172,6153844644,Local,50,50,50,50,50,50,4,3,86,3,84,5,94,3,85,82,73,30,791,300
TN,447487,HIGHPOINT HOMECARE,"300 STEAM PLANT ROAD,SUITE 220",GALLATIN,37066,6153285515,Local,50,50,50,50,50,50,4,4,89,4,88,3,84,3,87,80,208,32,788,300
TN,447559,"GUARDIAN HOME CARE, LLC",6116 SHALLOWFORD ROAD SUITE 114,CHATTANOOGA,37421,4238556233,Local,50,50,50,50,50,50,4,4,90,4,87,3,84,3,85,82,562,25,788,300
TN,447449,NHC HOMECARE ATHENS,1011 WEST MADISON AVE,ATHENS,37303,4237454246,Local,50,50,50,50,50,50,4,4,91,4,88,3,83,3,83,81,115,32,786,300
TN,447454,INTREPID USA HEALTHCARE SERVICES,350 CALDWELL STREET,MC MINNVILLE,37110,9314739561,Local,50,50,50,50,50,50,4,4,88,4,86,2,80,4,89,82,159,31,785,300
TN,447552,TENNESSEE HOME HEALTH,7625 HAMILTON PARK DRIVE,CHATTANOOGA,37421,4235101500,Local,50,50,50,50,50,50,4,4,89,4,86,3,83,3,86,80,184,27,784,300
TN,447563,AMEDISYS HOME HEALTH CARE,537 STONECREST PARKWAY SUITE 109,SMYRNA,37167,6158906455,Local,50,50,50,50,50,50,4,4,89,4,86,3,83,3,85,79,371,24,782,300
TN,447583,BROOKDALE HOME HEALTH NASHVILLE,624 GRASSMERE PARK DR STE 15,NASHVILLE,37211,6153332152,Local,50,50,50,50,50,0,4,4,89,4,85,3,83,3,85,80,154,17,782,250
TN,447276,NHC HOMECARE SPRINGFIELD,506 NORTHCREST DRIVE,SPRINGFIELD,37172,6153840687,Official Health Agency,50,50,50,50,50,50,4,4,90,4,87,3,83,3,83,78,345,30,781,300
TN,447451,AMEDISYS HOME HEALTH CARE,1655 WYNNE ROAD,CORDOVA,38016,9013883335,Local,50,50,50,50,50,50,4,4,89,4,86,3,81,3,82,82,189,23,780,300
TN,447226,INTREPID USA HEALTHCARE SERVICES,"2175 BUSINES CENTER DRIVE, #1",MEMPHIS,38134,9012130285,Official Health Agency,50,50,50,50,50,50,3,3,87,3,87,3,84,4,87,76,63,18,741,300
TN,447240,BALLAD HEALTH HOMECARE,509 MED TECH PARKWAY SUITE 200,JOHNSON CITY,37604,4234316146,Local,50,50,50,50,50,50,3,4,89,4,87,2,80,3,85,79,279,22,740,300
TN,447249,VANDERBILT HOME CARE SERVICES,2120 BELCOURT AVE,NASHVILLE,37232,6159360336,Hospital Based Program,50,50,50,50,50,50,3,4,90,3,82,2,78,4,88,81,296,24,739,300
TN,447183,ADVANCED HOME CARE INC,105 JACK WHITE DRIVE,KINGSPORT,37664,4232308450,Local,50,50,50,50,50,50,3,3,87,4,87,3,82,3,85,77,355,28,738,300
TN,447214,PROCARE HOME HEALTH SERVICES,705 PROFESSIONAL PLAZA SUITE 7,GREENEVILLE,37744,4236381994,Local,50,50,50,50,0,50,3,3,85,4,84,3,81,3,77,73,64,19,720,250
TN,447551,HOME CARE SOLUTIONS,"4922 LACOLLINA WAY, STE 201",OOLTEWAH,37363,4232387878,Local,50,50,50,50,50,50,3,3,85,4,88,2,80,3,84,79,139,29,716,300
TN,447407,BAPTIST TRINITY HOMECARE & HOSPICE,6141 WALNUT GROVE ROAD,MEMPHIS,38120,9017676767,Local,50,50,50,50,50,50,3,3,86,3,84,3,83,3,82,79,666,28,714,300
TN,447129,NHC HOMECARE KNOXVILLE,9000 EXECUTIVE PARK DR A205,KNOXVILLE,37923,8655390242,Local,50,50,50,50,50,50,3,4,88,3,84,2,78,3,83,77,307,30,710,300
TN,447471,ERLANGER CONTINUCARE HOME HEALTH,4289 BONNY OAKS DRIVE SUITE 201-B,CHATTANOOGA,37406,4233861152,Local,50,50,50,50,50,0,3,3,83,4,85,3,82,2,75,70,164,26,695,250
TN,447126,NHC HOMECARE CHATTANOOGA,"5959 SHALLOWFORD ROAD, SUITE 539",CHATTANOOGA,37421,4238771716,Local,50,50,50,50,50,50,3,3,87,4,85,2,73,2,79,72,131,22,676,300
TN,447425,"ABILIS HEALTH NASHVILLE, LLC","750 OLD HICKORY BLVD, SUITE 2-270",BRENTWOOD,37027,6158354445,Local,50,50,50,50,50,50,3,3,86,3,82,2,78,3,77,72,142,22,675,300
TN,447152,NHC HOMECARE MILAN,1093 NORTH 1ST STREET,MILAN,38358,7316867471,Local,50,50,50,50,50,50,3,3,86,3,84,2,79,2,77,76,122,28,662,300
TN,447567,"FUNCTIONAL INDEPENDENCE HOME CARE, INC",270 GERMAN OAK DRIVE,CORDOVA,38018,9015467660,Local,50,50,50,50,50,50,3,3,85,2,80,2,80,3,80,66,527,19,651,300
TN,447577,WHERE THE HEART IS INC,760 GREAT OAKS ROAD,EADS,38028,9018671556,Local,50,50,50,50,0,50,3,3,85,3,82,2,80,2,76,68,92,16,651,250
TN,447261,AMERICARE HOME HEALTH AGENCY,3949 WHITEBROOK DRIVE,MEMPHIS,38118,9017955949,Local,50,50,50,50,0,50,2,3,85,2,80,2,79,2,74,65,87,18,603,250
TN,447428,BALLAD HEALTH HOMECARE,"1410 TUSCULUM BLVD, SUITE 1600",GREENEVILLE,37745,4237875030,Hospital Based Program,50,50,50,50,0,50,2,2,83,2,83,2,79,2,73,65,92,31,583,250
TN,447570,"ATHOMETHERAPY SOLUTIONS, PLLC",856 WILLOW TREE CIRCLE,CORDOVA,38018,9017947988,Local,50,50,50,50,50,50,2,1,78,1,73,3,82,1,70,55,119,21,518,300
UT,467228,INTEGRITY HOME HEALTH,"984 SOUTH 500 WEST, SUITE 2",BRIGHAM CITY,84302,4357239000,Official Health Agency,50,50,50,50,50,50,5,5,89,5,87,3,82,5,95,88,56,41,901,300
UT,467213,"VALEO HOME HEALTHCARE SERVICES, LLC",1376 EAST 3300 SOUTH,SALT LAKE CITY,84106,8016390020,Local,50,50,50,50,50,50,5,5,90,5,88,4,87,4,87,84,184,39,896,300
UT,467229,HEARTS FOR HOME HEALTH,"4905 SOUTH 1500 WEST, SUITE 210",RIVERDALE,84405,8014750601,Official Health Agency,50,50,50,50,50,50,5,5,92,4,85,5,88,4,90,75,57,37,890,300
UT,467236,DIXIE HOME REHAB,"352 EAST RIVERSIDE DRIVE, SUITE B3",ST GEORGE,84790,4356288347,Local,50,50,50,50,50,50,4,5,93,5,90,3,82,4,90,87,193,30,862,300
UT,467035,GUNNISON VALLEY HOSPITAL HOME HEALTH,45 EAST 100 NORTH,GUNNISON,84634,4355283955,Hospital Based Program,50,50,50,50,50,50,4,5,91,4,86,4,87,4,90,79,92,33,853,300
UT,467351,"SUN TREE HOME HEALTH, LLC","1240 EAST 100 SOUTH, SUITE 121",ST GEORGE,84790,4357671171,Local,50,50,50,50,50,50,4,5,90,4,87,4,87,4,87,82,136,42,853,300
UT,467220,ASPEN RIDGE HOME HEALTH,5323 SOUTH MURRAY BOULEVARD,MURRAY,84123,8017133248,Local,50,50,50,50,50,50,4,4,89,5,91,3,82,4,90,85,326,38,837,300
UT,467024,INTERMOUNTAIN HOMECARE HOME HEALTH LOGAN,"550 EAST 1400 NORTH, SUITE G",LOGAN,84341,4357165477,Local,50,50,50,50,50,50,4,4,90,5,90,3,81,4,88,79,266,35,828,300
UT,467224,"PINNACLE HOME HEALTH, INC","2040 EAST MURRAY HOLLADAY ROAD, SUITE 205",HOLLADAY,84117,8012740299,Local,50,50,50,50,50,50,4,5,93,5,88,2,80,3,89,88,55,24,818,300
UT,467314,ASPIRE HOME HEALTH,"1020 WEST  ATHERTON DRIVE, SUITE 220",TAYLORSVILLE,84123,8012920296,Official Health Agency,50,50,50,50,50,50,4,4,88,4,84,5,90,3,82,66,73,24,810,300
UT,467121,SIGNATURE HEALTHCARE AT HOME - SLCHH,"5965 SOUTH 900 EAST, SUITE 200",MURRAY,84121,8014632478,Local,50,50,50,50,50,50,4,4,87,4,83,3,82,4,92,75,83,27,799,300
UT,467219,SIGNATURE HEALTHCARE AT HOME-NUTHH,74 WEST 100 NORTH,LOGAN,84321,4357556599,Local,50,50,50,50,50,50,4,4,89,5,88,2,78,4,83,81,92,29,799,300
UT,467217,HEARTS FOR HOME HEALTH,"677 QUALITY DRIVE, SUITE 201",AMERICAN FORK,84003,8017720243,Local,50,50,50,50,50,50,4,5,92,5,91,1,66,4,87,82,91,29,798,300
UT,467034,CENTRAL VALLEY HOME HEALTH,152 WEST 1500 NORTH,NEPHI,84648,4356233050,Hospital Based Program,50,50,50,50,50,50,4,4,86,3,80,5,94,3,79,77,52,36,796,300
UT,467100,ENCOMPASS HEALTH HOME HEALTH,990 WEST BELLWOOD LANE,MURRAY,84123,8017475500,Official Health Agency,50,50,50,50,50,50,4,4,89,4,85,3,83,3,84,81,286,28,782,300
UT,467237,GOOD SHEPHERD HOME CARE - VERNAL,"266 WEST 100 NORTH, SUITE 2",VERNAL,84078,4357890499,Local,50,50,50,50,50,50,4,5,91,3,83,2,76,4,84,87,71,37,781,300
UT,467016,INTERMOUNTAIN HOMECARE HOME HEALTH MT PLEASANT,130 WEST MAIN STREET,MT PLEASANT,84647,4354623431,Official Health Agency,50,50,50,50,50,50,4,4,87,4,86,3,84,3,81,76,191,32,774,300
UT,467055,ENCOMPASS HEALTH HOME HEALTH OF SOUTHERN UTAH,"640 EAST 700 SOUTH, SUITE 303A",ST GEORGE,84770,4356349300,Official Health Agency,50,50,50,50,50,50,4,4,86,4,84,3,82,3,78,75,178,31,765,300
UT,467207,TOTAL KNEE AND HIP REHABILITATION,383 EAST 60 SOUTH,AMERICAN FORK,84003,8015766417,Official Health Agency,50,50,50,50,50,50,4,4,88,4,83,3,81,3,82,71,86,35,765,300
UT,467248,HORIZON HOME HEALTH,11 EAST 200 NORTH,OREM,84057,8012261919,Local,50,50,50,50,50,50,4,4,89,4,85,3,84,3,70,73,52,38,761,300
UT,467033,INTERMOUNTAIN HOMECARE HOME HEALTH ST GEORGE,"555 SOUTH BLUFF STREET, SUITE 100",ST GEORGE,84770,4352512367,Official Health Agency,50,50,50,50,50,50,3,4,89,4,88,2,76,3,88,80,541,33,741,300
UT,467243,ZION'S WAY HOME HEALTH,"1664 SOUTH DIXIE DRIVE, SUITE 102-E",ST GEORGE,84770,4356880648,Local,50,50,50,50,50,50,3,4,90,4,85,2,79,3,83,83,305,33,740,300
UT,467004,INTERMOUNTAIN HOMECARE OGDEN,3776 WALL AVENUE,OGDEN,84405,8013991400,Local,50,50,50,50,50,50,3,4,88,4,86,2,78,3,87,74,599,28,733,300
UT,467226,CANYON HOME CARE,"450 SOUTH 900 EAST, SUITE 100",SALT LAKE CITY,84102,8014856166,Official Health Agency,50,50,50,50,50,50,3,4,88,3,83,3,82,3,81,79,348,28,733,300
UT,467039,UINTAH BASIN HOME CARE SERVICES,187 WEST LAGOON STREET,ROOSEVELT,84066,4357222418,Hospital Based Program,50,50,50,50,50,50,3,4,89,4,87,2,75,3,84,74,81,29,729,300
UT,467104,HARMONY HOME HEALTH,5650 SOUTH GREEN STREET,MURRAY,84123,8012810537,Visiting Nurse Association,50,50,50,50,50,50,3,3,88,4,87,1,72,4,87,79,121,30,713,300
UT,467025,APPLEGATE HOMECARE,"1492 EAST RIDGELINE DRIVE, SUITE 1",OGDEN,84405,8013943250,Local,50,50,50,50,50,50,3,3,88,4,85,2,77,3,81,78,316,27,709,300
UT,467061,ROCKY MOUNTAIN HOME CARE,"523 WEST HERITAGE PARK BOULEVARD, SUITE 3",LAYTON,84041,8015254800,Local,50,50,50,50,50,50,3,4,87,3,83,2,78,3,81,80,619,29,709,300
UT,467001,COMMUNITY NURSING SERVICES,"2830 SOUTH REDWOOD ROAD, SUITE A",WEST VALLEY CITY,84119,8019679207,Visiting Nurse Association,50,50,50,50,50,50,3,3,87,4,85,2,79,3,82,75,340,27,708,300
UT,467231,SYMBII HOME HEALTH,"1385 WEST 2200 SOUTH, SUITE 201",WEST VALLEY CITY,84119,8014330344,Local,50,50,50,50,50,50,3,3,85,4,85,2,80,3,81,75,330,28,706,300
UT,467225,UTAH HOME HEALTH,1849 NORTH 1120 WEST,PROVO,84604,8013731400,Local,50,50,50,50,50,50,3,3,86,3,83,3,81,3,78,75,73,17,703,300
UT,467321,ACTIVE HOME HEALTH,"9138 SOUTH STATE STREET, SUITE 102",SANDY,84070,8014386285,Local,50,50,50,50,50,50,3,3,85,3,85,3,83,3,78,69,52,24,700,300
UT,467214,ONECARE HOME HEALTH,"11576 SOUTH STATE STREET, SUITE 101B",DRAPER,84020,8015427384,Official Health Agency,50,50,50,50,50,50,3,3,87,4,86,2,75,3,80,68,295,39,696,300
UT,467242,"INSPIRATION HOME HEALTH, LLC","1649 EAST 1400 SOUTH, SUITE 140",CLEARFIELD,84015,8012811314,Local,50,50,50,50,50,50,3,3,86,3,82,2,79,3,85,81,216,27,693,300
UT,467232,"LEGACY HEALTHCARE, INC","880 HERITAGE PARK BOULEVARD, SUITE 200",LAYTON,84041,8017719099,Local,50,50,50,50,50,50,3,3,86,3,85,2,76,3,83,78,288,32,688,300
UT,467323,ICARE HOME HEALTH,"672 WEST 400 SOUTH, SUITE 202",SPRINGVILLE,84663,8012280411,Official Health Agency,50,50,50,50,50,50,3,4,88,2,77,2,76,3,83,79,94,35,683,300
UT,467233,BRIO HOME HEALTH,"11762 SOUTH STATE STREET, SUITE # 350",DRAPER,84020,8016495566,Local,50,50,50,50,50,50,3,3,88,2,77,2,73,3,80,84,76,30,662,300
UT,467206,"CAREGIVER SUPPORT NETWORK, INC","310 EAST 4500 SOUTH, SUITE 200",MURRAY,84107,8017472100,Official Health Agency,50,50,50,50,50,50,3,2,83,3,84,3,83,2,77,73,99,28,660,300
UT,467030,INTERMOUNTAIN HOMECARE HOME HEALTH SALT LAKE,11520 SOUTH REDWOOD ROAD,SOUTH JORDAN,84095,3858876000,Local,50,50,50,50,50,50,3,3,85,3,83,1,72,3,82,74,1795,28,656,300
UT,467071,FIRST CHOICE HOME HEALTH,"5280 S COMMERCE DR, SUITE C-224",MURRAY,84107,8014344100,Official Health Agency,50,50,50,50,50,50,3,3,85,2,78,2,73,3,75,73,221,23,644,300
UT,467081,SOUTH DAVIS HOME HEALTH,401 SOUTH 400 EAST,BOUNTIFUL,84010,8012988983,Hospital Based Program,50,50,50,50,50,50,2,3,82,2,79,2,79,2,80,71,96,28,611,300
UT,467313,ASHBY HEALTH CARE,"12401 SOUTH 450 EAST, UNIT F2",DRAPER,84020,8014782521,Official Health Agency,50,50,50,50,50,50,2,2,83,4,86,1,64,2,81,77,51,29,611,300
UT,467251,ALPHA HOME HEALTH CARE LLC,257 SOUTH  OREM BOULEVARD,OREM,84058,8012251080,Official Health Agency,50,50,50,50,50,50,2,3,84,1,72,2,76,3,83,72,59,28,607,300
UT,467223,SUMMIT HOME HEALTH,"5882 SOUTH 900 EAST, SUITE 101",MURRAY,84121,8015427150,Local,50,50,50,50,50,50,2,3,83,3,83,1,71,2,76,70,115,20,603,300
UT,467221,ENVISION HOME HEALTH,"1345 WEST 1600 NORTH, SUITE 202",OREM,84057,8012257971,Official Health Agency,50,50,50,50,50,50,2,2,84,2,80,2,73,2,78,71,181,29,586,300
UT,467200,A-PLUS HOME CARE,1443 NORTH 1200 WEST,OREM,84057,8012250990,Official Health Agency,50,50,50,50,50,50,2,2,85,2,78,3,81,1,71,62,53,33,577,300
UT,467334,BRIGHTON HOME HEALTH,"1106 EAST 6600 SOUTH, SUITE 100",MURRAY,84121,8019305266,Local,50,50,50,50,50,50,2,2,83,2,75,1,72,2,69,68,51,22,547,300
